Player,player_year,season_year,Tm,Age,G,GS,Wins,Losses,Yds,TD,Y/A,Y/G,Rate,Salary
A.J. Feeley,1,2001,PHI,24,1,0,0,0,143,2,10.2,143,114,319325
A.J. Feeley,2,2002,PHI,25,6,5,4,1,1011,6,6.6,168.5,75.4,389000
A.J. Feeley,3,2004,MIA,27,11,8,3,5,1893,11,5.3,172.1,61.7,3455000
A.J. Feeley,4,2006,PHI,29,2,0,0,0,342,3,9,171,122.9,1540000
A.J. Feeley,5,2007,PHI,30,3,2,0,2,681,5,6.6,227,61.2,190588
A.J. Feeley,6,2011,STL,34,5,3,1,2,548,1,5.6,109.6,66,820000
A.J. McCarron,1,2015,CIN,25,7,3,2,1,854,6,7.2,122,97.1,369060
A.J. McCarron,2,2017,CIN,27,3,0,0,0,66,0,4.7,22,63.4,555413
A.J. McCarron,3,2018,OAK,28,2,0,0,0,8,0,2.7,4,42.4,645413
A.J. McCarron,4,2019,HOU,29,2,1,0,1,225,0,6.1,112.5,63.5,735413
A.J. McCarron,5,2020,HOU,30,2,0,0,0,20,0,20,10,118.7,900000
Aaron Rodgers,1,2005,GNB,22,3,0,0,0,65,0,4.1,21.7,39.8,1150000
Aaron Rodgers,2,2006,GNB,23,2,0,0,0,46,0,3.1,23,48.2,1402500
Aaron Rodgers,3,2007,GNB,24,2,0,0,0,218,1,7.8,109,106,1557500
Aaron Rodgers,4,2008,GNB,25,16,16,6,10,4038,28,7.5,252.4,93.8,13952500
Aaron Rodgers,5,2009,GNB,26,16,16,11,5,4434,30,8.2,277.1,103.2,9652500
Aaron Rodgers,6,2010,GNB,27,15,15,10,5,3922,28,8.3,261.5,101.2,6500000
Aaron Rodgers,7,2011,GNB,28,15,15,14,1,4643,45,9.2,309.5,122.5,7750000
Aaron Rodgers,8,2012,GNB,29,16,16,11,5,4295,39,7.8,268.4,108,8500000
Aaron Rodgers,9,2013,GNB,30,9,9,6,3,2536,17,8.7,281.8,104.9,12000000
Aaron Rodgers,10,2014,GNB,31,16,16,12,4,4381,38,8.4,273.8,112.2,17550000
Aaron Rodgers,11,2015,GNB,32,16,16,10,6,3821,31,6.7,238.8,92.7,18250000
Aaron Rodgers,12,2016,GNB,33,16,16,10,6,4428,40,7.3,276.8,104.2,19250000
Aaron Rodgers,13,2017,GNB,34,7,7,4,3,1675,16,7,239.3,97.2,20300000
Aaron Rodgers,14,2018,GNB,35,16,16,6,9,4442,25,7.4,277.6,97.6,20900000
Aaron Rodgers,15,2019,GNB,36,16,16,13,3,4002,26,7,250.1,95.4,29352000
Aaron Rodgers,16,2020,GNB,37,16,16,13,3,4299,48,8.2,268.7,121.5,21642000
Alex Smith,1,2005,SFO,21,9,7,2,5,875,1,5.3,97.2,40.8,2700000
Alex Smith,2,2006,SFO,22,16,16,7,9,2890,16,6.5,180.6,74.8,2910000
Alex Smith,3,2007,SFO,23,7,7,2,5,914,2,4.7,130.6,57.2,3535000
Alex Smith,4,2009,SFO,25,11,10,5,5,2350,18,6.3,213.6,81.5,9916262
Alex Smith,5,2010,SFO,26,11,10,3,7,2370,14,6.9,215.5,82.1,5666666
Alex Smith,6,2011,SFO,27,16,16,13,3,3144,17,7.1,196.5,90.7,7166668
Alex Smith,7,2012,SFO,28,10,9,6,2,1737,13,8,173.7,104.1,4900000
Alex Smith,8,2013,KAN,29,15,15,11,4,3313,23,6.5,220.9,89.1,9250000
Alex Smith,9,2014,KAN,30,15,15,8,7,3265,18,7,217.7,93.4,8500000
Alex Smith,10,2015,KAN,31,16,16,11,5,3486,20,7.4,217.9,95.4,4600000
Alex Smith,11,2016,KAN,32,15,15,11,4,3502,15,7.2,233.5,91.2,15600000
Alex Smith,12,2017,KAN,33,15,15,9,6,4042,26,8,269.5,104.7,17800000
Alex Smith,13,2018,WAS,34,10,10,6,4,2180,10,6.6,218,85.7,16900000
Alex Smith,14,2020,WAS,36,8,6,5,1,1582,6,6.3,197.8,78.5,18400000
Andrew Luck,1,2012,IND,23,16,16,11,5,4374,23,7,273.4,76.5,4019636
Andrew Luck,2,2013,IND,24,16,16,11,5,3822,23,6.7,238.9,87,5024545
Andrew Luck,3,2014,IND,25,16,16,11,5,4761,40,7.7,297.6,96.5,6029454
Andrew Luck,4,2015,IND,26,7,7,2,5,1881,15,6.4,268.7,74.9,7034363
Andrew Luck,5,2016,IND,27,15,15,8,7,4240,31,7.8,282.7,96.4,18400000
Andrew Luck,6,2018,IND,29,16,16,10,6,4593,39,7.2,287.1,98.7,19400000
Andrew Walter,1,2006,OAK,24,12,8,2,6,1677,3,6.1,139.8,55.8,1215000
Andrew Walter,2,2007,OAK,25,1,0,0,0,38,0,4.8,38,74,350000
Andrew Walter,3,2008,OAK,26,2,1,0,1,204,0,4.2,102,31.3,485000
Ben Roethlisberger,1,2004,PIT,22,14,13,13,0,2621,17,8.9,187.2,98.1,1502000
Ben Roethlisberger,2,2005,PIT,23,12,12,9,3,2385,17,8.9,198.8,98.6,4220250
Ben Roethlisberger,3,2006,PIT,24,15,15,7,8,3513,18,7.5,234.2,75.4,4545750
Ben Roethlisberger,4,2007,PIT,26,16,16,12,4,3301,17,7,206.3,80.1,3127000
Ben Roethlisberger,5,2008,PIT,27,15,15,9,6,4328,26,8.6,288.5,100.5,7970000
Ben Roethlisberger,6,2009,PIT,28,12,12,9,3,3200,17,8.2,266.7,97,13220000
Ben Roethlisberger,7,2010,PIT,29,15,15,11,4,4077,21,7.9,271.8,90.1,10355882
Ben Roethlisberger,8,2011,PIT,30,13,13,7,6,3265,26,7.3,251.2,97,11320000
Ben Roethlisberger,9,2012,PIT,31,16,16,8,8,4261,28,7.3,266.3,92,8895000
Ben Roethlisberger,10,2013,PIT,32,16,16,11,5,4952,32,8.1,309.5,103.3,13595000
Ben Roethlisberger,11,2014,PIT,33,12,11,7,4,3938,21,8.4,328.2,94.5,18895000
Ben Roethlisberger,12,2015,PIT,34,14,14,10,4,3819,29,7.5,272.8,95.4,17245000
Ben Roethlisberger,13,2016,PIT,35,15,15,12,3,4251,28,7.6,283.4,93.4,23950000
Ben Roethlisberger,14,2017,PIT,36,16,16,9,6,5129,34,7.6,320.6,96.5,18200000
Ben Roethlisberger,15,2018,PIT,37,2,2,0,2,351,0,5.7,175.5,66,23200000
Ben Roethlisberger,16,2019,PIT,38,15,15,12,3,3803,33,6.3,253.5,94.1,26200000
Ben Roethlisberger,17,2020,PIT,22,14,13,3,10,2908,11,6.1,207.7,69.5,3755418
Blake Bortles,1,2014,JAX,23,16,16,5,11,4428,35,7.3,276.8,88.2,4694273
Blake Bortles,2,2015,JAX,24,16,16,3,13,3905,23,6.2,244.1,78.8,5633128
Blake Bortles,3,2016,JAX,25,16,16,10,6,3687,21,7,230.4,84.7,6571983
Blake Bortles,4,2017,JAX,26,13,12,3,9,2718,13,6.7,209.1,79.8,10000000
Blake Bortles,5,2018,JAX,27,3,0,0,0,3,0,1.5,1,56.2,1000000
Blake Bortles,6,2019,LAR,23,1,0,0,0,45,0,5.6,45,56.8,1147000
Brady Quinn,1,2007,CLE,24,3,3,1,2,518,2,5.8,172.7,66.6,4625000
Brady Quinn,2,2008,CLE,25,10,9,2,7,1339,8,5.2,133.9,67.2,655000
Brady Quinn,3,2009,CLE,28,10,8,1,7,1141,2,5.8,114.1,60.1,700000
Brady Quinn,4,2012,KAN,29,15,15,5,10,3385,14,6.5,225.7,72.6,1469745
Brandon Weeden,1,2012,CLE,30,8,5,0,5,1731,9,6.5,216.4,70.3,1837181
Brandon Weeden,2,2013,CLE,31,5,1,0,1,303,3,7.4,60.6,85.7,570000
Brandon Weeden,3,2014,DAL,32,6,4,1,3,1043,5,7.5,173.8,96.8,271765
Brandon Weeden,4,2015,2TM,23,4,0,0,0,17,0,1.7,4.3,0,490908
Brett Hundley,1,2016,GNB,24,11,9,3,6,1836,9,5.8,166.9,70.6,580908
Brett Hundley,2,2017,GNB,26,3,0,0,0,49,0,4.5,16.3,58.5,670908
Brett Hundley,3,2019,ARI,23,2,0,0,0,23,0,3.3,11.5,11.9,945000
Brodie Croyle,1,2006,KAN,24,9,6,0,6,1227,6,5.5,136.3,69.9,360000
Brodie Croyle,2,2007,KAN,25,2,2,0,2,151,0,5.2,75.5,81.2,445000
Brodie Croyle,3,2008,KAN,26,3,1,0,1,230,2,5.8,76.7,90.6,535000
Brodie Croyle,4,2009,KAN,27,2,1,0,1,38,0,2,19,27.7,1759000
Brodie Croyle,5,2010,KAN,25,1,0,0,0,60,0,6.7,60,76.2,776976
Brooks Bollinger,1,2004,NYJ,26,11,9,2,7,1558,7,5.9,141.6,72.9,131471
Brooks Bollinger,2,2005,NYJ,27,2,0,0,0,146,0,8.1,73,72.9,1500000
Brooks Bollinger,3,2006,MIN,28,5,1,0,1,391,1,7.8,78.2,88,2000000
Brooks Bollinger,4,2007,MIN,29,2,0,0,0,71,1,4.2,35.5,63.6,2000000
Brooks Bollinger,5,2008,DAL,23,13,11,3,8,1661,9,5.1,127.8,65.9,1283333
Bruce Gradkowski,1,2006,TAM,24,4,0,0,0,130,0,5.4,32.5,52.4,1833333
Bruce Gradkowski,2,2007,TAM,25,2,1,0,1,26,0,1.2,13,2.8,1833334
Bruce Gradkowski,3,2008,CLE,26,7,4,2,2,1007,6,6.7,143.9,80.6,335294
Bruce Gradkowski,4,2009,OAK,27,6,4,1,3,1059,5,6.7,176.5,66.3,600000
Bruce Gradkowski,5,2010,OAK,28,2,0,0,0,109,1,6.1,54.5,59.7,600000
Bruce Gradkowski,6,2011,CIN,29,2,0,0,0,65,0,5.9,32.5,64.6,600000
Bruce Gradkowski,7,2012,CIN,25,6,4,1,3,809,3,6.1,134.8,60,573424
Bryce Petty,1,2016,NYJ,26,4,3,0,3,544,1,4.9,136,55.1,663424
Bryce Petty,2,2017,NYJ,23,15,13,5,8,2819,14,6.7,187.9,73,8399000
Byron Leftwich,1,2003,JAX,24,14,14,8,6,2941,15,6.7,210.1,82.2,430000
Byron Leftwich,2,2004,JAX,25,11,11,8,3,2123,15,7,193,89.3,4710000
Byron Leftwich,3,2005,JAX,26,6,6,3,3,1159,7,6.3,193.2,79,2350000
Byron Leftwich,4,2006,JAX,27,3,2,0,2,279,1,4.8,93,59.5,645000
Byron Leftwich,5,2007,ATL,28,5,0,0,0,303,2,8.4,60.6,104.3,2000000
Byron Leftwich,6,2008,PIT,29,3,3,0,3,594,4,5.6,198,71.2,1800000
Byron Leftwich,7,2009,TAM,30,1,0,0,0,42,0,6,42,86.6,1750000
Byron Leftwich,8,2010,PIT,32,2,1,0,1,272,0,5.1,136,54.9,890000
Byron Leftwich,9,2012,PIT,25,13,13,6,7,2897,18,6.7,222.8,77.3,2500000
Carson Palmer,1,2004,CIN,26,16,16,11,5,3836,32,7.5,239.8,101.1,5477242
Carson Palmer,2,2005,CIN,27,16,16,8,8,4035,28,7.8,252.2,93.9,8982758
Carson Palmer,3,2006,CIN,28,16,16,7,9,4131,26,7.2,258.2,86.7,12980000
Carson Palmer,4,2007,CIN,29,4,4,0,4,731,3,5.7,182.8,69,13480000
Carson Palmer,5,2008,CIN,30,16,16,10,6,3094,21,6.6,193.4,83.6,13980001
Carson Palmer,6,2009,CIN,31,16,16,4,12,3970,26,6.8,248.1,82.4,14300000
Carson Palmer,7,2010,CIN,32,10,9,4,5,2753,13,8.4,275.3,80.5,12300000
Carson Palmer,8,2011,OAK,33,15,15,4,11,4018,22,7.1,267.9,85.3,2500000
Carson Palmer,9,2012,OAK,34,16,16,10,6,4274,24,7.5,267.1,83.9,3160000
Carson Palmer,10,2013,ARI,35,6,6,6,0,1626,11,7.3,271,95.6,4000000
Carson Palmer,11,2014,ARI,36,16,16,13,3,4671,35,8.7,291.9,104.6,13000000
Carson Palmer,12,2015,ARI,37,15,15,6,8,4233,26,7.1,282.2,87.2,7375000
Carson Palmer,13,2016,ARI,38,7,7,3,4,1978,9,7.4,282.6,84.4,18375000
Carson Palmer,14,2017,ARI,23,3,0,0,0,67,0,5.6,22.3,74,511500
Chad Henne,1,2008,MIA,24,14,13,7,6,2878,12,6.4,205.6,75.2,901500
Chad Henne,2,2009,MIA,25,15,14,6,8,3301,15,6.7,220.1,75.4,1245600
Chad Henne,3,2010,MIA,26,4,4,0,4,868,4,7.8,217,79,816500
Chad Henne,4,2011,MIA,27,10,6,1,5,2084,11,6.8,208.4,72.2,2600000
Chad Henne,5,2012,JAX,28,15,13,4,9,3241,13,6.4,216.1,76.5,4650000
Chad Henne,6,2013,JAX,29,3,3,0,3,492,3,6.3,164,80.7,5750000
Chad Henne,7,2014,JAX,32,2,0,0,0,0,0,0,0,39.6,3500000
Chad Henne,8,2017,JAX,33,1,0,0,0,29,0,9.7,29,97.9,4750000
Chad Henne,9,2018,KAN,35,3,1,0,1,248,2,6.5,82.7,108.2,3500000
Chad Henne,10,2020,KAN,24,1,0,0,0,67,1,13.4,67,127.1,1122477
Chad Pennington,1,2000,NYJ,25,2,0,0,0,92,1,4.6,46,79.6,1122477
Chad Pennington,2,2001,NYJ,26,15,12,8,4,3120,22,7.8,208,104.2,1304477
Chad Pennington,3,2002,NYJ,27,10,9,4,5,2139,13,7.2,213.9,82.9,6898467
Chad Pennington,4,2003,NYJ,28,13,13,8,5,2673,16,7.2,205.6,91,5069431
Chad Pennington,5,2004,NYJ,29,3,3,1,2,530,2,6.4,176.7,70.9,6000000
Chad Pennington,6,2005,NYJ,30,16,16,10,6,3352,17,6.9,209.5,82.6,12000000
Chad Pennington,7,2006,NYJ,31,9,8,1,7,1765,10,6.8,196.1,86.1,7000000
Chad Pennington,8,2007,NYJ,32,16,16,11,5,3653,19,7.7,228.3,97.4,4000000
Chad Pennington,9,2008,MIA,33,3,3,0,3,413,1,5.6,137.7,76,5750000
Chad Pennington,10,2009,MIA,34,1,1,1,0,19,0,9.5,19,83.3,2700000
Chad Pennington,11,2010,MIA,24,7,5,2,3,1002,4,6.1,143.1,72.8,350000
Charlie Frye,1,2005,CLE,25,13,13,4,9,2454,10,6.2,188.8,72,635000
Charlie Frye,2,2006,CLE,26,1,1,0,1,34,0,3.4,34,10,1000000
Charlie Frye,3,2007,CLE,27,2,1,0,1,83,2,3.6,41.5,53.4,620000
Charlie Frye,4,2008,SEA,28,3,3,1,2,581,1,6.7,193.7,65.3,1226000
Charlie Frye,5,2009,OAK,28,6,2,1,1,507,2,5.1,84.5,65.5,452000
Charlie Whitehurst,1,2010,SEA,29,3,2,0,2,298,1,5.3,99.3,62.9,537000
Charlie Whitehurst,2,2011,SEA,32,7,5,1,4,1326,7,7.2,189.4,87.4,622000
Charlie Whitehurst,3,2014,TEN,33,5,0,0,0,150,0,4.7,30,50.3,712000
Charlie Whitehurst,4,2015,2TM,34,1,0,0,0,182,1,7.6,182,78.8,4000000
Charlie Whitehurst,5,2016,CLE,23,2,0,0,0,19,0,6.3,9.5,84,298000
Chris Redman,1,2000,BAL,25,6,6,3,3,1034,7,5.7,172.3,76.1,375000
Chris Redman,2,2002,BAL,26,2,0,0,0,58,0,4.5,29,26,1318000
Chris Redman,3,2003,BAL,30,7,4,1,3,1079,10,7.2,154.1,90.4,595000
Chris Redman,4,2007,ATL,32,6,2,0,2,781,4,6.6,130.2,78.4,3750000
Chris Redman,5,2009,ATL,33,2,0,0,0,20,0,3.3,10,71.5,1750000
Chris Redman,6,2010,ATL,34,5,0,0,0,188,0,6.7,37.6,68.7,3050000
Chris Redman,7,2011,ATL,29,15,15,1,14,2931,11,5.4,195.4,62,750000
Chris Weinke,1,2001,CAR,30,6,1,0,1,180,0,4.7,30,26.2,800000
Chris Weinke,2,2002,CAR,33,3,0,0,0,64,1,4.9,21.3,93.1,1000000
Chris Weinke,3,2005,CAR,34,3,3,1,2,625,2,6.5,208.3,67.4,1200000
Chris Weinke,4,2006,CAR,35,2,1,0,1,104,1,4.7,52,86.2,2000000
Chris Weinke,5,2007,SFO,23,11,10,2,8,1853,13,6.4,168.5,70.1,1847036
Christian Ponder,1,2011,MIN,24,16,16,10,6,2935,18,6.1,183.4,81.2,2308795
Christian Ponder,2,2012,MIN,25,9,9,2,6,1648,7,6.9,183.1,77.9,2770554
Christian Ponder,3,2013,MIN,26,2,1,0,1,222,0,5,111,45.8,3232313
Christian Ponder,4,2014,MIN,24,8,8,2,6,1576,6,7.1,197,74.5,507750
Colt McCoy,1,2010,CLE,25,13,13,4,9,2733,14,5.9,210.2,74.6,637750
Colt McCoy,2,2011,CLE,26,3,0,0,0,79,1,4.6,26.3,85.2,727750
Colt McCoy,3,2012,CLE,27,4,0,0,0,13,0,13,3.3,118.7,1500000
Colt McCoy,4,2013,SFO,28,5,4,1,3,1057,4,8.3,211.4,96.4,635000
Colt McCoy,5,2014,WAS,29,2,0,0,0,128,1,11.6,64,133.9,1500000
Colt McCoy,6,2015,WAS,32,3,2,0,2,372,3,6.9,124,78.6,1800000
Colt McCoy,7,2018,WAS,33,1,1,0,1,122,0,4.5,122,61,3600000
Colt McCoy,8,2019,WAS,34,4,2,1,1,375,1,5.7,93.8,75,3600000
Colt McCoy,9,2020,NYG,24,2,0,0,0,83,0,3,41.5,9.8,1034227
Curtis Painter,1,2009,IND,26,9,8,0,8,1541,6,6.3,171.2,66.6,735000
Curtis Painter,2,2011,IND,28,3,0,0,0,57,0,3.6,19,19,887500
Curtis Painter,3,2013,NYG,22,2,0,0,0,63,0,3.7,31.5,51.8,620000
Dan Orlovsky,1,2005,DET,25,10,7,0,7,1616,8,6.3,161.6,72.6,635000
Dan Orlovsky,2,2008,DET,28,8,5,2,3,1201,6,6.2,150.1,82.4,665000
Dan Orlovsky,3,2011,IND,29,1,0,0,0,51,0,7.3,51,80.1,680000
Dan Orlovsky,4,2012,TAM,32,2,0,0,0,201,1,5,100.5,66.8,1250000
Dan Orlovsky,5,2015,DET,23,16,16,4,12,2592,9,5.8,162,62.8,2600000
David Carr,1,2002,HOU,24,12,11,3,8,2013,9,6.8,167.8,69.5,6397061
David Carr,2,2003,HOU,25,16,16,7,9,3531,16,7.6,220.7,83.5,4948773
David Carr,3,2004,HOU,26,16,16,2,14,2488,14,5.9,155.5,77.2,9804166
David Carr,4,2005,HOU,27,16,16,6,10,2767,11,6.3,172.9,82.1,8250000
David Carr,5,2006,HOU,28,6,4,1,3,635,3,4.7,105.8,58.3,2600000
David Carr,6,2007,CAR,29,3,0,0,0,115,2,9.6,38.3,144.1,1000000
David Carr,7,2008,NYG,30,6,0,0,0,225,1,6.8,37.5,93.6,2100000
David Carr,8,2009,NYG,31,1,0,0,0,67,0,5.2,67,23.6,3875000
David Carr,9,2010,SFO,33,2,0,0,0,19,0,6.3,9.5,84,575000
David Carr,10,2012,NYG,24,4,1,0,1,231,1,5,57.8,53.8,300000
David Garrard,1,2002,JAX,25,2,0,0,0,86,1,7.2,43,122.2,380000
David Garrard,2,2003,JAX,26,4,2,1,1,374,2,5.2,93.5,71.2,455000
David Garrard,3,2004,JAX,27,7,5,4,1,1117,4,6.6,159.6,83.9,1000000
David Garrard,4,2005,JAX,28,11,10,5,5,1735,10,7.2,157.7,80.5,1100000
David Garrard,5,2006,JAX,29,12,12,9,3,2509,18,7.7,209.1,102.2,9000000
David Garrard,6,2007,JAX,30,16,16,5,11,3620,15,6.8,226.3,81.7,5500000
David Garrard,7,2008,JAX,31,16,16,7,9,3597,15,7,224.8,83.5,8000000
David Garrard,8,2009,JAX,32,14,14,8,6,2734,23,7.5,195.3,90.8,1100000
David Garrard,9,2010,JAX,23,5,3,0,3,793,5,6.8,158.6,63.1,202941
Derek Anderson,1,2006,CLE,25,10,9,3,6,1615,9,5.7,161.5,66.5,340883
Derek Anderson,2,2008,CLE,26,8,7,3,4,888,3,4.9,111,42.1,435000
Derek Anderson,3,2009,CLE,27,12,9,2,7,2065,7,6.3,172.1,65.9,3333333
Derek Anderson,4,2010,ARI,29,2,0,0,0,58,0,14.5,29,118.7,8833333
Derek Anderson,5,2012,CAR,31,6,2,2,0,701,5,7.2,116.8,105.2,2187500
Derek Anderson,6,2014,CAR,32,3,0,0,0,36,0,6,12,82.6,735000
Derek Anderson,7,2015,CAR,33,5,2,0,2,453,2,8.5,90.6,67.6,605000
Derek Anderson,8,2016,CAR,34,3,0,0,0,17,0,2.1,5.7,39.6,620000
Derek Anderson,9,2017,CAR,35,2,2,0,2,465,0,6.6,232.5,56,1100000
Derek Anderson,10,2018,BUF,23,16,16,3,13,3270,21,5.5,204.4,76.6,976691
Derek Carr,1,2014,OAK,24,16,16,7,9,3987,32,7,249.2,91.1,1220864
Derek Carr,2,2015,OAK,25,15,15,12,3,3937,28,7,262.5,96.7,1465037
Derek Carr,3,2016,OAK,26,15,15,6,9,3496,22,6.8,233.1,86.4,15731691
Derek Carr,4,2017,OAK,27,16,16,4,12,4049,19,7.3,253.1,93.9,25000000
Derek Carr,5,2018,OAK,28,16,16,7,9,4054,21,7.9,253.4,100.8,22500000
Derek Carr,6,2019,OAK,29,16,16,8,8,4103,27,7.9,256.4,101.4,21500000
Derek Carr,7,2020,LVR,22,1,0,0,0,221,1,8.2,221,94.8,627500
Drew Brees,1,2001,SDG,23,16,16,8,8,3284,17,6.2,205.3,76.9,707500
Drew Brees,2,2002,SDG,24,11,11,2,9,2108,11,5.9,191.6,67.5,2287500
Drew Brees,3,2003,SDG,25,15,15,11,4,3159,27,7.9,210.6,104.8,2367500
Drew Brees,4,2004,SDG,26,16,16,9,7,3576,24,7.2,223.5,89.2,8078000
Drew Brees,5,2005,SDG,27,16,16,10,6,4418,26,8,276.1,96.2,6000000
Drew Brees,6,2006,NOR,28,16,16,7,9,4423,28,6.8,276.4,89.4,7000000
Drew Brees,7,2007,NOR,29,16,16,8,8,5069,34,8,316.8,96.2,9000000
Drew Brees,8,2008,NOR,30,15,15,13,2,4388,34,8.5,292.5,109.6,10660400
Drew Brees,9,2009,NOR,31,16,16,11,5,4620,33,7,288.8,90.9,12358400
Drew Brees,10,2010,NOR,32,16,16,13,3,5476,46,8.3,342.3,110.6,14981200
Drew Brees,11,2011,NOR,33,16,16,7,9,5177,43,7.7,323.6,96.3,10400000
Drew Brees,12,2012,NOR,34,16,16,11,5,5162,39,7.9,322.6,104.7,17400000
Drew Brees,13,2013,NOR,35,16,16,7,9,4952,33,7.5,309.5,97,18400000
Drew Brees,14,2014,NOR,36,15,15,7,8,4870,32,7.8,324.7,101,23800000
Drew Brees,15,2015,NOR,37,16,16,7,9,5208,37,7.7,325.5,101.7,17250000
Drew Brees,16,2016,NOR,38,16,16,11,5,4334,23,8.1,270.9,103.9,19000000
Drew Brees,17,2017,NOR,39,15,15,13,2,3992,32,8.2,266.1,115.7,24000000
Drew Brees,18,2018,NOR,40,11,11,8,3,2979,27,7.9,270.8,116.3,22700000
Drew Brees,19,2019,NOR,41,12,12,9,3,2942,24,7.5,245.2,106.4,23650000
Drew Brees,20,2020,NOR,24,3,0,0,0,119,1,7,39.7,95,628000
Drew Stanton,1,2008,DET,25,3,1,0,1,259,0,5.1,86.3,26.1,785000
Drew Stanton,2,2009,DET,26,6,3,2,1,780,4,6.6,130,78.4,940000
Drew Stanton,3,2010,DET,30,9,8,5,3,1711,7,7.1,190.1,78.7,1052000
Drew Stanton,4,2014,ARI,31,7,0,0,0,104,0,4.2,14.9,22.7,900000
Drew Stanton,5,2015,ARI,32,5,1,1,0,192,2,4,38.4,39.6,750000
Drew Stanton,6,2016,ARI,33,5,4,3,1,894,6,5.6,178.8,66.4,1666666
Drew Stanton,7,2017,ARI,23,9,7,1,6,1043,6,5.3,115.9,55.4,2244000
Eli Manning,1,2004,NYG,24,16,16,11,5,3762,24,6.8,235.1,75.9,4527926
Eli Manning,2,2005,NYG,25,16,16,8,8,3244,24,6.2,202.8,77,7388074
Eli Manning,3,2006,NYG,26,16,16,10,6,3336,23,6.3,208.5,73.9,10046666
Eli Manning,4,2007,NYG,27,16,16,12,4,3238,21,6.8,202.4,86.4,12916666
Eli Manning,5,2008,NYG,28,16,16,8,8,4021,27,7.9,251.3,93.1,13066668
Eli Manning,6,2009,NYG,29,16,16,10,6,4002,31,7.4,250.1,85.3,12100000
Eli Manning,7,2010,NYG,30,16,16,9,7,4933,29,8.4,308.3,92.9,14100000
Eli Manning,8,2011,NYG,31,16,16,9,7,3948,26,7.4,246.8,87.2,9600000
Eli Manning,9,2012,NYG,32,16,16,7,9,3818,18,6.9,238.6,69.4,20850000
Eli Manning,10,2013,NYG,33,16,16,6,10,4410,30,7.3,275.6,92.1,20400000
Eli Manning,11,2014,NYG,34,16,16,6,10,4432,35,7.2,277,93.6,14450000
Eli Manning,12,2015,NYG,35,16,16,11,5,4027,26,6.7,251.7,86,24200000
Eli Manning,13,2016,NYG,36,15,15,3,12,3468,19,6.1,231.2,80.4,19700000
Eli Manning,14,2017,NYG,37,16,16,5,11,4299,21,7.5,268.7,92.4,22200000
Eli Manning,15,2018,NYG,38,4,4,1,3,1042,6,7.1,260.5,82.6,23200000
Eli Manning,16,2019,NYG,23,16,16,8,8,3046,12,6.9,190.4,66.5,912655
Geno Smith,1,2013,NYJ,24,14,13,3,10,2525,13,6.9,180.4,77.5,1140819
Geno Smith,2,2014,NYJ,25,1,0,0,0,265,2,6.3,265,87.9,1368983
Geno Smith,3,2015,NYJ,26,2,1,1,0,126,1,9,63,81.2,1597146
Geno Smith,4,2016,NYJ,27,2,1,0,1,212,1,5.9,106,84.5,1087500
Geno Smith,5,2017,NYG,28,5,0,0,0,8,0,2,1.6,39.6,1000000
Geno Smith,6,2018,LAC,30,1,0,0,0,33,0,6.6,33,94.2,710000
Geno Smith,7,2020,SEA,23,4,0,0,0,32,0,6.4,8,39.2,4475000
J.P. Losman,1,2004,BUF,24,9,8,1,7,1340,8,5.9,148.9,64.9,993500
J.P. Losman,2,2005,BUF,25,16,16,7,9,3051,19,7.1,190.7,84.9,1800000
J.P. Losman,3,2006,BUF,26,8,7,2,5,1204,4,6.9,150.5,76.9,1900000
J.P. Losman,4,2007,BUF,27,5,2,0,2,584,2,5.6,116.8,62.3,620000
J.P. Losman,5,2008,BUF,28,1,0,0,0,0,0,0,0,39.6,630000
J.P. Losman,6,2009,OAK,30,2,0,0,0,60,0,6,30,77.1,810000
J.P. Losman,7,2011,MIA,28,4,0,0,0,148,1,5.7,37,48.2,735413
J.T. O'Sullivan,1,2007,DET,29,9,8,2,6,1678,8,7.6,186.4,73.6,3000000
J.T. O'Sullivan,2,2008,SFO,30,3,0,0,0,40,0,3.6,13.3,47.5,4000000
J.T. O'Sullivan,3,2009,CIN,22,4,1,0,1,373,2,5.7,93.3,55.9,2976320
JaMarcus Russell,1,2007,OAK,23,15,15,5,10,2423,13,6.6,161.5,77.1,4848625
JaMarcus Russell,2,2008,OAK,24,12,9,2,7,1287,3,5.2,107.3,50,13611455
JaMarcus Russell,3,2009,OAK,21,16,16,6,10,4042,22,7.6,252.6,84.2,4609323
Jameis Winston,1,2015,TAM,22,16,16,9,7,4090,28,7.2,255.6,86.1,5761654
Jameis Winston,2,2016,TAM,23,13,13,3,10,3504,19,7.9,269.5,92.2,6913985
Jameis Winston,3,2017,TAM,24,11,9,3,6,2992,19,7.9,272,90.2,7941903
Jameis Winston,4,2018,TAM,25,16,16,7,9,5109,33,8.2,319.3,84.3,20922000
Jameis Winston,5,2019,TAM,26,4,0,0,0,75,0,6.8,18.8,83.5,1100000
Jameis Winston,6,2020,NOR,25,7,7,2,5,1297,10,6.3,185.3,76.5,1078000
Jason Campbell,1,2006,WAS,26,13,13,6,7,2700,12,6.5,207.7,77.6,1380500
Jason Campbell,2,2007,WAS,27,16,16,8,8,3245,13,6.4,202.8,84.3,1603000
Jason Campbell,3,2008,WAS,28,16,16,4,12,3618,20,7.1,226.1,86.4,2265500
Jason Campbell,4,2009,WAS,29,13,12,7,5,2387,13,7.3,183.6,84.5,3888000
Jason Campbell,5,2010,OAK,30,6,6,4,2,1170,6,7.1,195,84.2,3243250
Jason Campbell,6,2011,OAK,31,6,1,0,1,265,2,5.2,44.2,72.8,4500000
Jason Campbell,7,2012,CHI,32,9,8,1,7,2015,11,6.4,223.9,76.9,3750000
Jason Campbell,8,2013,CLE,33,4,0,0,0,74,0,3.9,18.5,66.6,1500000
Jason Campbell,9,2014,CIN,23,5,5,2,3,1001,9,7.3,200.2,88.5,1550000
Jay Cutler,1,2006,DEN,24,16,16,7,9,3497,20,7.5,218.6,88.1,1937500
Jay Cutler,2,2007,DEN,25,16,16,8,8,4526,25,7.3,282.9,86,2325000
Jay Cutler,3,2008,DEN,26,16,16,7,9,3666,27,6.6,229.1,76.8,11534999
Jay Cutler,4,2009,CHI,27,15,15,10,5,3274,23,7.6,218.3,86.3,8900000
Jay Cutler,5,2010,CHI,28,10,10,7,3,2319,13,7.4,231.9,85.7,9500000
Jay Cutler,6,2011,CHI,29,15,15,10,5,3033,19,7,202.2,81.3,9600000
Jay Cutler,7,2012,CHI,30,11,11,5,6,2621,19,7.4,238.3,89.2,10370000
Jay Cutler,8,2013,CHI,31,15,15,5,10,3812,28,6.8,254.1,88.6,18500000
Jay Cutler,9,2014,CHI,32,15,15,6,9,3659,21,7.6,243.9,92.3,16500000
Jay Cutler,10,2015,CHI,33,5,5,1,4,1059,4,7.7,211.8,78.1,17000000
Jay Cutler,11,2016,CHI,34,14,14,6,8,2666,19,6.2,190.4,80.8,10000000
Jay Cutler,12,2017,MIA,24,4,0,0,0,175,2,6,43.8,99.1,291200
Jim Sorgi,1,2004,IND,25,5,0,0,0,444,3,7.3,88.8,99.4,305000
Jim Sorgi,2,2005,IND,27,4,0,0,0,132,1,3.7,33,68.3,380000
Jim Sorgi,3,2007,IND,28,1,0,0,0,178,0,5.9,178,87.9,1850000
Jim Sorgi,4,2008,IND,23,13,10,1,9,1558,3,5.2,119.8,58.4,642500
Jimmy Clausen,1,2010,CAR,27,4,1,0,1,223,2,4.6,55.8,71.8,772500
Jimmy Clausen,2,2014,CHI,28,4,3,0,3,739,2,5.9,184.8,66.7,862500
Jimmy Clausen,3,2015,2TM,23,16,16,11,5,2971,14,6.9,185.7,80.3,1300000
Joe Flacco,1,2008,BAL,24,16,16,9,7,3613,21,7.2,225.8,88.9,4875000
Joe Flacco,2,2009,BAL,25,16,16,12,4,3622,25,7.4,226.4,93.6,3900000
Joe Flacco,3,2010,BAL,26,16,16,12,4,3610,20,6.7,225.6,80.9,5725000
Joe Flacco,4,2011,BAL,27,16,16,10,6,3817,22,7.2,238.6,87.7,8000000
Joe Flacco,5,2012,BAL,28,16,16,8,8,3912,19,6.4,244.5,73.1,6800000
Joe Flacco,6,2013,BAL,29,16,16,10,6,3986,27,7.2,249.1,91,14800000
Joe Flacco,7,2014,BAL,30,10,10,3,7,2791,14,6.8,279.1,83.1,14550000
Joe Flacco,8,2015,BAL,31,16,16,8,8,4317,20,6.4,269.8,83.5,22550000
Joe Flacco,9,2016,BAL,32,16,16,9,7,3141,18,5.7,196.3,80.4,24550000
Joe Flacco,10,2017,BAL,33,9,9,4,5,2465,12,6.5,273.9,84.2,24750000
Joe Flacco,11,2018,BAL,34,8,8,2,6,1822,6,7,227.8,85.1,4900000
Joe Flacco,12,2019,DEN,35,5,4,0,4,864,6,6.4,172.8,80.6,1562500
Joe Flacco,13,2020,NYJ,24,14,12,3,9,2294,12,5.3,163.9,59.9,6925000
Joey Harrington,1,2002,DET,25,16,16,5,11,2880,17,5.2,180,63.9,1775000
Joey Harrington,2,2003,DET,26,16,16,6,10,3047,19,6.2,190.4,77.5,8000000
Joey Harrington,3,2004,DET,27,12,11,4,7,2021,12,6.1,168.4,72,3000000
Joey Harrington,4,2005,DET,28,11,11,5,6,2236,12,5.8,203.3,68.2,3500000
Joey Harrington,5,2006,MIA,29,12,10,3,7,2215,7,6.4,184.6,77.2,645000
Joey Harrington,6,2007,ATL,26,5,4,0,4,559,1,5.2,111.8,62,175000
John Beck,1,2007,MIA,30,4,3,0,3,858,2,6.5,214.5,72.1,175000
John Beck,2,2011,WAS,22,5,4,2,2,662,2,5.3,132.4,62.3,545000
John Skelton,1,2010,ARI,23,8,7,5,2,1913,11,7,239.1,68.9,545000
John Skelton,2,2011,ARI,24,7,6,1,5,1132,2,5.6,161.7,55.4,545000
John Skelton,3,2012,ARI,22,5,2,0,2,175,0,5,35,42,4738980
Johnny Manziel,1,2014,CLE,23,9,6,2,4,1500,7,6.7,166.7,79.4,794936
Johnny Manziel,2,2015,CLE,21,10,9,3,6,1855,10,6.4,185.5,59.8,1380000
Josh Freeman,1,2009,TAM,22,16,16,10,6,3451,25,7.3,215.7,95.9,4875000
Josh Freeman,2,2010,TAM,23,15,15,4,11,3592,16,6.5,239.5,74.6,2270000
Josh Freeman,3,2011,TAM,24,16,16,7,9,4065,27,7.3,254.1,81.6,7915000
Josh Freeman,4,2012,TAM,25,4,4,0,4,761,2,5.2,190.3,52.6,2000000
Josh Freeman,5,2013,2TM,27,1,1,1,0,149,1,5.3,149,65.9,43824
Josh Freeman,6,2015,IND,23,6,4,0,4,685,4,5.5,114.2,50.9,457042
Josh Johnson,1,2009,TAM,24,11,0,0,0,111,0,6.9,10.1,95.6,416375
Josh Johnson,2,2010,TAM,25,9,1,0,1,246,1,6.8,27.3,60.6,501375
Josh Johnson,3,2011,TAM,32,4,3,1,2,590,3,6.5,147.5,69.4,631375
Josh Johnson,4,2018,WAS,23,2,0,0,0,66,0,3.7,33,10.2,386000
Josh McCown,1,2002,ARI,24,8,3,1,2,1018,5,6.1,127.3,70.3,461000
Josh McCown,2,2003,ARI,25,14,13,6,7,2511,11,6.2,179.4,74.1,541000
Josh McCown,3,2004,ARI,26,9,6,3,3,1836,9,6.8,204,74.9,1430000
Josh McCown,4,2005,ARI,28,9,9,2,7,1151,10,6.1,127.9,69.4,3000000
Josh McCown,5,2007,OAK,30,1,0,0,0,2,0,0.3,2,39.6,2000000
Josh McCown,6,2009,CAR,32,3,2,1,1,414,2,7.5,138,68.3,1950000
Josh McCown,7,2011,CHI,34,8,5,3,2,1829,13,8.2,228.6,109,1750000
Josh McCown,8,2013,CHI,35,11,11,1,10,2206,11,6.7,200.5,70.5,185294
Josh McCown,9,2014,TAM,36,8,8,1,7,2109,12,7.2,263.6,93.3,222353
Josh McCown,10,2015,CLE,37,5,3,0,3,1100,6,6.7,220,72.3,580000
Josh McCown,11,2016,CLE,38,13,13,5,8,2926,18,7.4,225.1,94.5,4750000
Josh McCown,12,2017,NYJ,39,4,3,0,3,539,1,4.9,134.8,55.8,3916666
Josh McCown,13,2018,NYJ,40,3,0,0,0,24,0,4.8,8,72.1,5041666
Josh McCown,14,2019,PHI,23,2,0,0,0,0,0,0,0,39.6,1885000
Kellen Clemens,1,2006,NYJ,24,10,8,3,5,1529,5,6.1,152.9,60.9,360000
Kellen Clemens,2,2007,NYJ,25,2,0,0,0,26,0,5.2,13,34.2,700000
Kellen Clemens,3,2008,NYJ,26,10,1,1,0,125,0,4.8,12.5,63.8,685000
Kellen Clemens,4,2009,NYJ,27,1,0,0,0,6,0,3,6,56.2,535000
Kellen Clemens,5,2010,NYJ,28,3,3,0,3,546,2,6,182,73.8,445000
Kellen Clemens,6,2011,STL,29,2,0,0,0,39,0,13,19.5,42.4,710000
Kellen Clemens,7,2012,STL,30,10,9,4,5,1673,8,6.9,167.3,78.8,870000
Kellen Clemens,8,2013,STL,31,2,0,0,0,10,0,3.3,5,43.7,1500000
Kellen Clemens,9,2014,SDG,32,2,0,0,0,63,1,10.5,31.5,150,1501154
Kellen Clemens,10,2015,SDG,33,12,0,0,0,0,0,0,0,39.6,1065000
Kellen Clemens,11,2016,SDG,34,8,0,0,0,36,0,4.5,4.5,43.7,1000000
Kellen Clemens,12,2017,LAC,24,6,0,0,0,144,0,4.2,24,21.8,713500
Kevin Kolb,1,2008,PHI,25,5,2,1,1,741,4,7.7,148.2,88.9,860625
Kevin Kolb,2,2009,PHI,26,7,5,2,3,1197,7,6.3,171,76.1,950625
Kevin Kolb,3,2010,PHI,27,9,9,3,6,1955,9,7.7,217.2,81.1,6555625
Kevin Kolb,4,2011,ARI,28,6,5,3,2,1169,8,6.4,194.8,86.1,4000000
Kevin Kolb,5,2012,ARI,22,11,9,5,4,1260,7,5.6,114.5,62.4,2356250
Kyle Boller,1,2003,BAL,23,16,16,9,7,2559,13,5.5,159.9,70.9,1470000
Kyle Boller,2,2004,BAL,24,9,9,4,5,1799,11,6.1,199.9,71.8,1633750
Kyle Boller,3,2005,BAL,25,5,0,0,0,485,5,8.8,97,104,3100000
Kyle Boller,4,2006,BAL,26,12,8,2,6,1743,9,6.3,145.3,75.2,2000000
Kyle Boller,5,2007,BAL,28,7,4,0,4,899,3,5.1,128.4,61.2,1500000
Kyle Boller,6,2009,STL,29,5,0,0,0,25,0,6.3,5,30.2,1000000
Kyle Boller,7,2010,OAK,30,2,1,0,1,161,0,5.8,80.5,31.1,1250000
Kyle Boller,8,2011,OAK,23,15,15,10,5,1869,9,5.1,124.6,59.7,344500
Kyle Orton,1,2005,CHI,25,3,3,2,1,478,3,6,159.3,73.9,464500
Kyle Orton,2,2007,CHI,26,15,15,9,6,2972,18,6.4,198.1,79.6,549500
Kyle Orton,3,2008,CHI,27,16,15,8,7,3802,21,7,237.6,86.8,2214500
Kyle Orton,4,2009,DEN,28,13,13,3,10,3653,20,7.3,281,87.5,1845000
Kyle Orton,5,2010,DEN,29,9,8,3,5,1758,9,7,195.3,77.8,2621000
Kyle Orton,6,2011,2TM,30,1,0,0,0,89,1,8.9,89,137.1,2604353
Kyle Orton,7,2012,DAL,31,3,1,0,1,398,2,7.8,132.7,85.3,1900000
Kyle Orton,8,2013,DAL,32,12,12,7,5,3018,18,6.8,251.5,87.8,1967500
Kyle Orton,9,2014,BUF,23,2,0,0,0,81,1,9,40.5,101.6,528023
Luke McCown,1,2004,CLE,26,5,3,1,2,1009,5,7.3,201.8,91.7,305000
Luke McCown,2,2007,TAM,27,2,0,0,0,0,0,0,0,39.6,425000
Luke McCown,3,2008,TAM,28,3,0,0,0,2,0,0.7,0.7,42.4,510000
Luke McCown,4,2009,JAX,29,1,0,0,0,120,0,6.3,120,76.6,605000
Luke McCown,5,2010,JAX,30,4,2,1,1,296,0,5.3,74,39,2500000
Luke McCown,6,2011,JAX,32,16,0,0,0,0,0,0,0,39.6,2500000
Luke McCown,7,2013,NOR,34,8,1,0,1,335,0,8.6,41.9,91.8,1800000
Luke McCown,8,2015,NOR,25,7,7,6,1,1826,14,8.5,260.9,101.5,303000
Marc Bulger,1,2002,STL,26,15,15,12,3,3845,22,7.2,256.3,81.4,375000
Marc Bulger,2,2003,STL,27,14,14,8,6,3964,21,8.2,283.1,93.7,9455000
Marc Bulger,3,2004,STL,28,8,8,2,6,2297,14,8,287.1,94.4,545000
Marc Bulger,4,2005,STL,29,16,16,8,8,4301,24,7.3,268.8,92.9,5123000
Marc Bulger,5,2006,STL,30,12,12,2,10,2392,11,6.3,199.3,70.3,20550000
Marc Bulger,6,2007,STL,31,15,15,2,13,2720,11,6.2,181.3,71.4,6500000
Marc Bulger,7,2008,STL,32,9,8,1,7,1469,5,5.9,163.2,70.7,8500000
Marc Bulger,8,2009,STL,23,15,15,8,7,2444,12,6.7,162.9,63,3250000
Mark Sanchez,1,2009,NYJ,24,16,16,11,5,3291,17,6.5,205.7,75.3,750000
Mark Sanchez,2,2010,NYJ,25,16,16,8,8,3474,26,6.4,217.1,78.2,250000
Mark Sanchez,3,2011,NYJ,26,15,15,6,9,2883,13,6.4,192.2,66.9,8250000
Mark Sanchez,4,2012,NYJ,28,9,8,4,4,2418,14,7.8,268.7,88.4,2500000
Mark Sanchez,5,2014,PHI,29,4,2,0,2,616,4,6.8,154,80.7,5942500
Mark Sanchez,6,2015,PHI,30,2,0,0,0,93,0,5.2,46.5,30.3,12837500
Mark Sanchez,7,2016,DAL,32,2,1,0,1,138,0,3.9,69,28,2545000
Mark Sanchez,8,2018,WAS,23,2,0,0,0,183,2,7.6,91.5,89.4,243500
Matt Cassel,1,2005,NWE,24,6,0,0,0,32,0,4,5.3,70.8,363500
Matt Cassel,2,2006,NWE,25,6,0,0,0,38,0,5.4,6.3,32.7,448500
Matt Cassel,3,2007,NWE,26,16,15,10,5,3693,21,7.2,230.8,89.4,533500
Matt Cassel,4,2008,NWE,27,15,15,4,11,2924,16,5.9,194.9,69.9,15200000
Matt Cassel,5,2009,KAN,28,15,15,10,5,3116,27,6.9,207.7,93,12200000
Matt Cassel,6,2010,KAN,29,9,9,4,5,1713,10,6.4,190.3,76.6,7075000
Matt Cassel,7,2011,KAN,30,9,8,1,7,1796,6,6.5,199.6,66.7,7575000
Matt Cassel,8,2012,KAN,31,9,6,3,3,1807,11,7.1,200.8,81.6,3700000
Matt Cassel,9,2013,MIN,32,3,3,1,2,425,3,6,141.7,65.8,5750000
Matt Cassel,10,2014,MIN,33,9,8,2,6,1276,5,6.3,141.8,70.6,1764706
Matt Cassel,11,2015,2TM,34,4,1,1,0,284,2,5.6,71,71,2000000
Matt Cassel,12,2016,TEN,35,2,1,0,1,162,1,3.9,81,55.9,2750000
Matt Cassel,13,2017,TEN,36,2,0,0,0,59,0,3.5,29.5,26.3,720000
Matt Cassel,14,2018,DET,23,7,0,0,0,6,0,1.2,0.9,47.9,1978750
Matt Flynn,1,2008,GNB,24,15,0,0,0,58,0,4.8,3.9,36.1,294412
Matt Flynn,2,2009,GNB,25,7,1,0,1,433,3,6.6,61.9,82.4,1093750
Matt Flynn,3,2010,GNB,26,5,1,1,0,518,6,10.6,103.6,124.8,4000000
Matt Flynn,4,2011,GNB,27,3,0,0,0,68,0,7.6,22.7,79.9,1078750
Matt Flynn,5,2012,SEA,28,9,5,2,3,1392,8,7,154.7,85.7,275294
Matt Flynn,6,2013,3TM,29,7,0,0,0,66,0,4.1,9.4,34.9,275294
Matt Flynn,7,2014,GNB,23,12,11,4,7,2547,11,6.8,212.3,74,10335000
Matt Leinart,1,2006,ARI,24,5,5,3,2,647,2,5.8,129.4,61.9,735000
Matt Leinart,2,2007,ARI,25,4,0,0,0,264,1,9.1,66,80.2,1110000
Matt Leinart,3,2008,ARI,26,8,1,0,1,435,0,5.6,54.4,64.6,630000
Matt Leinart,4,2009,ARI,28,2,1,1,0,57,1,4.4,28.5,110.1,3750000
Matt Leinart,5,2011,HOU,29,2,0,0,0,115,0,3.5,57.5,44.4,750000
Matt Leinart,6,2012,OAK,23,16,16,11,5,3440,16,7.9,215,87.7,6600000
Matt Ryan,1,2008,ATL,24,14,14,9,5,2916,22,6.5,208.3,80.9,9900000
Matt Ryan,2,2009,ATL,25,16,16,13,3,3705,28,6.5,231.6,91,12250000
Matt Ryan,3,2010,ATL,26,16,16,10,6,4177,29,7.4,261.1,92.2,13250000
Matt Ryan,4,2011,ATL,27,16,16,13,3,4719,32,7.7,294.9,99.1,13500000
Matt Ryan,5,2012,ATL,28,16,16,4,12,4515,26,6.9,282.2,89.6,9600000
Matt Ryan,6,2013,ATL,29,16,16,6,10,4694,28,7.5,293.4,93.9,17500000
Matt Ryan,7,2014,ATL,30,16,16,8,8,4591,21,7.5,286.9,89,19500000
Matt Ryan,8,2015,ATL,31,16,16,11,5,4944,38,9.3,309,117.1,23750000
Matt Ryan,9,2016,ATL,32,16,16,10,6,4095,20,7.7,255.9,91.4,23750000
Matt Ryan,10,2017,ATL,33,16,16,7,9,4924,35,8.1,307.8,108.1,17700000
Matt Ryan,11,2018,ATL,34,15,15,7,8,4466,26,7.3,297.7,92.1,15800000
Matt Ryan,12,2019,ATL,35,16,16,4,12,4581,26,7.3,286.3,93.3,18962500
Matt Ryan,13,2020,ATL,23,6,1,0,1,330,1,4.7,55,42,378333
Matt Schaub,1,2004,ATL,24,16,1,0,1,495,4,7.7,30.9,98.1,453333
Matt Schaub,2,2005,ATL,25,16,0,0,0,208,1,7.7,13,71.2,573334
Matt Schaub,3,2006,ATL,26,11,11,4,7,2241,9,7.8,203.7,87.2,4250000
Matt Schaub,4,2007,HOU,27,11,11,6,5,3043,15,8,276.6,92.7,5750000
Matt Schaub,5,2008,HOU,28,16,16,9,7,4770,29,8.2,298.1,98.6,10250000
Matt Schaub,6,2009,HOU,29,16,16,6,10,4370,24,7.6,273.1,92,7800000
Matt Schaub,7,2010,HOU,30,10,10,7,3,2479,15,8.5,247.9,96.8,9000000
Matt Schaub,8,2011,HOU,31,16,16,12,4,4008,22,7.4,250.5,90.7,11700000
Matt Schaub,9,2012,HOU,32,10,8,2,6,2310,10,6.5,231,73,10750000
Matt Schaub,10,2013,HOU,33,11,0,0,0,57,0,5.7,5.2,27.9,8000000
Matt Schaub,11,2014,OAK,34,2,2,1,1,540,3,6.8,270,76,2000000
Matt Schaub,12,2015,BAL,35,4,0,0,0,16,0,5.3,4,52.1,1750000
Matt Schaub,13,2016,ATL,37,3,0,0,0,20,0,2.9,6.7,74.1,3500000
Matt Schaub,14,2018,ATL,38,6,1,0,1,580,3,8.7,96.7,109,4500000
Matt Schaub,15,2019,ATL,21,10,10,2,8,2267,13,6,226.7,61,3100000
Matthew Stafford,1,2009,DET,22,3,3,1,2,535,6,5.6,178.3,91.3,12980000
Matthew Stafford,2,2010,DET,23,16,16,10,6,5038,41,7.6,314.9,97.2,6123750
Matthew Stafford,3,2011,DET,24,16,16,4,12,4967,20,6.8,310.4,79.8,8935000
Matthew Stafford,4,2012,DET,25,16,16,7,9,4650,29,7.3,290.6,84.2,17820000
Matthew Stafford,5,2013,DET,26,16,16,11,5,4257,22,7.1,266.1,85.7,15820000
Matthew Stafford,6,2014,DET,27,16,16,7,9,4262,32,7.2,266.4,97,17721250
Matthew Stafford,7,2015,DET,28,16,16,9,7,4327,24,7.3,270.4,93.3,22500000
Matthew Stafford,8,2016,DET,29,16,16,9,7,4446,29,7.9,277.9,99.3,16500000
Matthew Stafford,9,2017,DET,30,16,16,6,10,3777,21,6.8,236.1,89.9,26500000
Matthew Stafford,10,2018,DET,31,8,8,3,4,2499,19,8.6,312.4,106,30700000
Matthew Stafford,11,2019,DET,32,16,16,5,11,4084,26,7.7,255.3,96.3,21300000
Matthew Stafford,12,2020,DET,21,8,2,1,1,785,2,6.9,98.1,62.7,2500000
Michael Vick,1,2001,ATL,22,15,15,8,6,2936,16,7,195.7,81.6,2542857
Michael Vick,2,2002,ATL,23,5,4,3,1,585,4,5.9,117,69,5142857
Michael Vick,3,2003,ATL,24,15,15,11,4,2313,14,7.2,154.2,78.1,7892857
Michael Vick,4,2004,ATL,25,15,15,8,7,2412,15,6.2,160.8,73.1,7992857
Michael Vick,5,2005,ATL,26,16,16,7,9,2474,20,6.4,154.6,75.7,13072857
Michael Vick,6,2006,ATL,29,12,1,0,0,86,1,6.6,7.2,93.7,7572857
Michael Vick,7,2009,PHI,30,12,12,8,3,3018,21,8.1,251.5,100.2,7572858
Michael Vick,8,2010,PHI,31,13,13,7,6,3303,18,7.8,254.1,84.9,2375000
Michael Vick,9,2011,PHI,32,10,10,3,7,2362,12,6.7,236.2,78.1,6400000
Michael Vick,10,2012,PHI,33,7,6,2,4,1215,5,8.6,173.6,86.5,14400000
Michael Vick,11,2013,PHI,34,10,3,1,2,604,3,5,60.4,68.3,13900000
Michael Vick,12,2014,NYJ,35,5,3,2,1,371,2,5.6,74.2,79.8,12200000
Michael Vick,13,2015,PIT,24,13,13,4,9,2608,19,6.3,200.6,83.9,564375
Mike Glennon,1,2013,TAM,25,6,5,1,4,1417,10,7,236.2,83.3,705469
Mike Glennon,2,2014,TAM,27,2,0,0,0,75,1,6.8,37.5,125.4,846563
Mike Glennon,3,2016,TAM,28,4,4,1,3,833,4,6,208.3,76.9,1830375
Mike Glennon,4,2017,CHI,29,2,0,0,0,174,1,8.3,87,112,14000000
Mike Glennon,5,2018,ARI,30,2,0,0,0,56,1,5.6,28,108.7,2000000
Mike Glennon,6,2019,OAK,31,5,5,0,5,1072,7,6,214.4,80.1,1865625
Mike Glennon,7,2020,JAX,23,9,5,2,3,1539,9,6.8,171,71.8,430000
Patrick Ramsey,1,2002,WAS,24,11,11,4,7,2166,14,6.4,196.9,75.8,1016000
Patrick Ramsey,2,2003,WAS,25,9,7,3,4,1665,10,6.1,185,74.8,1602000
Patrick Ramsey,3,2004,WAS,26,4,1,1,0,279,1,11.2,69.8,95.2,688000
Patrick Ramsey,4,2005,WAS,27,1,0,0,0,0,0,0,0,39.6,2000000
Patrick Ramsey,5,2006,NYJ,28,2,0,0,0,262,1,5.5,131,73.4,2500000
Patrick Ramsey,6,2007,DEN,29,1,0,0,0,19,0,6.3,19,84,87647
Patrick Ramsey,7,2008,DEN,23,2,0,0,0,33,1,4.1,16.5,110.9,2580000
Philip Rivers,1,2004,SDG,24,2,0,0,0,115,0,5.2,57.5,50.4,4855000
Philip Rivers,2,2005,SDG,25,16,16,14,2,3388,22,7.4,211.8,92,5165000
Philip Rivers,3,2006,SDG,26,16,16,11,5,3152,21,6.9,197,82.4,10775000
Philip Rivers,4,2007,SDG,27,16,16,8,8,4009,34,8.4,250.6,105.5,7625000
Philip Rivers,5,2008,SDG,28,16,16,13,3,4254,28,8.8,265.9,104.4,11535000
Philip Rivers,6,2009,SDG,29,16,16,9,7,4710,30,8.7,294.4,101.8,11710000
Philip Rivers,7,2010,SDG,30,16,16,8,8,4624,27,7.9,289,88.7,13510000
Philip Rivers,8,2011,SDG,31,16,16,7,9,3606,26,6.8,225.4,88.6,15310000
Philip Rivers,9,2012,SDG,32,16,16,9,7,4478,32,8.2,279.9,105.5,13776666
Philip Rivers,10,2013,SDG,33,16,16,9,7,4286,31,7.5,267.9,93.8,16666666
Philip Rivers,11,2014,SDG,34,16,16,4,12,4792,29,7.2,299.5,93.8,21166668
Philip Rivers,12,2015,SDG,35,16,16,5,11,4386,33,7.6,274.1,87.9,16500000
Philip Rivers,13,2016,SDG,36,16,16,9,7,4515,28,7.9,282.2,96,18000000
Philip Rivers,14,2017,LAC,37,16,16,12,4,4308,32,8.5,269.3,105.5,22000000
Philip Rivers,15,2018,LAC,38,16,16,5,11,4615,23,7.8,288.4,88.5,23000000
Philip Rivers,16,2019,LAC,39,16,16,11,5,4169,24,7.7,260.6,97,25000000
Philip Rivers,17,2020,IND,23,3,3,2,1,437,2,6.1,145.7,74.8,2330000
Rex Grossman,1,2003,CHI,24,3,3,1,2,607,1,7.2,202.3,67.9,465000
Rex Grossman,2,2004,CHI,25,2,1,1,0,259,1,6.6,129.5,59.7,625000
Rex Grossman,3,2005,CHI,26,16,16,13,3,3193,23,6.7,199.6,73.9,2035000
Rex Grossman,4,2006,CHI,27,8,7,2,5,1411,4,6.3,176.4,66.4,2500000
Rex Grossman,5,2007,CHI,28,4,1,0,1,257,2,4.1,64.3,59.7,620000
Rex Grossman,6,2008,CHI,29,1,0,0,0,33,0,3.7,33,5.6,755000
Rex Grossman,7,2009,HOU,30,4,3,1,2,884,7,6.6,221,81.2,1150000
Rex Grossman,8,2010,WAS,31,13,13,5,8,3151,16,6.9,242.4,72.4,1300000
Rex Grossman,9,2011,WAS,23,4,3,0,3,777,4,5.8,194.3,58.2,239416
Ryan Fitzpatrick,1,2005,STL,26,13,12,4,7,1905,8,5.1,146.5,70,359416
Ryan Fitzpatrick,2,2008,CIN,27,10,8,4,4,1422,9,6.3,142.2,69.7,435000
Ryan Fitzpatrick,3,2009,BUF,28,13,13,4,9,3000,23,6.8,230.8,81.8,927000
Ryan Fitzpatrick,4,2010,BUF,29,16,16,6,10,3832,24,6.7,239.5,79.1,2210000
Ryan Fitzpatrick,5,2011,BUF,30,16,16,6,10,3400,24,6.7,212.5,83.3,3405000
Ryan Fitzpatrick,6,2012,BUF,31,11,9,3,6,2454,14,7,223.1,82,5610000
Ryan Fitzpatrick,7,2013,TEN,32,12,12,6,6,2483,17,8,206.9,95.3,6000000
Ryan Fitzpatrick,8,2014,HOU,33,16,16,10,6,3905,31,6.9,244.1,88,2375000
Ryan Fitzpatrick,9,2015,NYJ,34,14,11,3,8,2710,12,6.7,193.6,69.6,3375000
Ryan Fitzpatrick,10,2016,NYJ,35,6,3,2,1,1103,7,6.8,183.8,86,3250000
Ryan Fitzpatrick,11,2017,TAM,36,8,7,2,5,2366,17,9.6,295.8,100.4,7000000
Ryan Fitzpatrick,12,2018,TAM,37,15,13,5,8,3529,20,7,235.3,85.5,3675000
Ryan Fitzpatrick,13,2019,MIA,38,9,7,4,3,2091,13,7.8,232.3,95.6,3300000
Ryan Fitzpatrick,14,2020,MIA,23,6,4,1,3,752,0,4.4,125.3,46.7,416327
Ryan Lindley,1,2012,ARI,25,3,2,0,2,562,2,6,187.3,56.8,506327
Ryan Lindley,2,2014,ARI,26,1,0,0,0,58,1,5.8,58,109.6,234706
Ryan Lindley,3,2015,IND,24,4,0,0,0,17,0,4.3,4.3,5.2,535969
Ryan Mallett,1,2012,NWE,26,3,2,1,1,400,2,5.3,133.3,67.6,669961
Ryan Mallett,2,2014,HOU,27,8,6,2,4,1336,5,5.5,167,67.9,803953
Ryan Mallett,3,2015,2TM,28,4,0,0,0,26,0,4.3,6.5,22.2,776976
Ryan Mallett,4,2016,BAL,29,2,0,0,0,56,2,3.5,28,103.1,131471
Ryan Mallett,5,2017,BAL,24,4,0,0,0,0,0,0,0,39.6,400667
Sage Rosenfels,1,2002,MIA,25,2,0,0,0,50,1,8.3,25,131.9,400667
Sage Rosenfels,2,2003,MIA,26,3,1,0,1,264,1,6.8,88,41,400667
Sage Rosenfels,3,2004,MIA,27,4,1,0,1,462,4,7.6,115.5,81.5,628000
Sage Rosenfels,4,2005,MIA,28,4,0,0,0,265,3,6.8,66.3,103,630000
Sage Rosenfels,5,2006,HOU,29,9,5,4,1,1684,15,7,187.1,84.8,1750000
Sage Rosenfels,6,2007,HOU,30,6,5,2,3,1431,6,8.2,238.5,79.5,1750000
Sage Rosenfels,7,2008,HOU,23,16,16,7,9,3512,18,6,219.5,76.5,3200000
Sam Bradford,1,2010,STL,24,10,10,1,9,2164,6,6.1,216.4,70.5,12465000
Sam Bradford,2,2011,STL,25,16,16,7,8,3702,21,6.7,231.4,82.6,15595000
Sam Bradford,3,2012,STL,26,7,7,3,4,1687,14,6.4,241,90.9,12595000
Sam Bradford,4,2013,STL,28,14,14,7,7,3725,19,7,266.1,86.4,17610000
Sam Bradford,5,2015,PHI,29,15,15,7,8,3877,20,7,258.5,99.3,12985000
Sam Bradford,6,2016,MIN,30,2,2,2,0,382,3,8.9,191,124.4,7000000
Sam Bradford,7,2017,MIN,31,3,3,0,3,400,2,5,133.3,62.5,18000000
Sam Bradford,8,2018,ARI,23,1,0,0,0,31,0,4.4,31,85.1,591449
Sean Mannion,1,2015,STL,24,1,0,0,0,19,0,3.2,19,17.4,738734
Sean Mannion,2,2016,LAR,25,5,1,0,1,185,0,5,37,72.5,886486
Sean Mannion,3,2017,LAR,26,3,0,0,0,23,0,7.7,7.7,89.6,1034227
Sean Mannion,4,2018,LAR,27,3,1,0,1,126,0,6,42,35.1,735000
Sean Mannion,5,2019,MIN,25,7,0,0,0,173,1,6.9,24.7,70.9,305000
Seneca Wallace,1,2005,SEA,26,8,4,2,2,927,8,6.6,115.9,76.2,380000
Seneca Wallace,2,2006,SEA,27,10,0,0,0,215,2,7.7,21.5,99.6,800000
Seneca Wallace,3,2007,SEA,28,10,8,3,5,1532,11,6.3,153.2,87,2195000
Seneca Wallace,4,2008,SEA,29,13,2,0,2,700,3,5.8,53.8,81.9,605000
Seneca Wallace,5,2009,SEA,30,8,4,1,3,694,4,6.9,86.8,88.5,1750000
Seneca Wallace,6,2010,CLE,31,6,3,0,3,567,2,5.3,94.5,65.4,1500000
Seneca Wallace,7,2011,CLE,33,2,1,0,1,139,0,5.8,69.5,64.4,3950000
Seneca Wallace,8,2013,GNB,24,6,5,2,3,949,3,7.1,158.2,80.7,421250
T.J. Yates,1,2011,HOU,25,4,0,0,0,38,0,3.8,9.5,11.7,511250
T.J. Yates,2,2012,HOU,26,3,0,0,0,113,0,5.1,37.7,42.4,601250
T.J. Yates,3,2013,HOU,27,1,0,0,0,64,0,16,64,77.1,645000
T.J. Yates,4,2014,ATL,28,4,2,2,0,370,3,6.5,92.5,80.3,399176
T.J. Yates,5,2015,HOU,30,4,3,0,3,523,4,5.4,130.8,65.8,105882
T.J. Yates,6,2017,HOU,23,4,2,0,2,475,2,5.9,118.8,62.5,360000
Tarvaris Jackson,1,2006,MIN,24,12,12,8,4,1911,9,6.5,159.3,70.8,445000
Tarvaris Jackson,2,2007,MIN,25,9,5,2,3,1056,9,7.1,117.3,95.4,535000
Tarvaris Jackson,3,2008,MIN,26,8,0,0,0,201,1,9.6,25.1,113.4,1176000
Tarvaris Jackson,4,2009,MIN,27,3,1,0,1,341,3,5.9,113.7,63.9,4000000
Tarvaris Jackson,5,2010,MIN,28,15,14,7,7,3091,14,6.9,206.1,79.2,1950000
Tarvaris Jackson,6,2011,SEA,30,3,0,0,0,151,1,11.6,50.3,140.2,500000
Tarvaris Jackson,7,2013,SEA,31,1,0,0,0,0,0,0,0,79.2,840000
Tarvaris Jackson,8,2014,SEA,32,4,0,0,0,37,0,6.2,9.3,83.3,1250000
Tarvaris Jackson,9,2015,SEA,23,9,3,1,2,654,5,8,72.7,82.1,1295000
Tim Tebow,1,2010,DEN,24,14,11,7,4,1729,12,6.4,123.5,72.9,2019375
Tim Tebow,2,2011,DEN,25,12,2,0,0,39,0,4.9,3.3,84.9,2572500
Tim Tebow,3,2012,NYJ,23,1,0,0,0,6,0,2,6,42.4,205833
Tom Brady,1,2000,NWE,24,15,14,11,3,2843,18,6.9,189.5,86.5,310833
Tom Brady,2,2001,NWE,25,16,16,9,7,3764,28,6.3,235.3,85.7,1087834
Tom Brady,3,2002,NWE,26,16,16,14,2,3620,23,6.9,226.3,85.9,3318750
Tom Brady,4,2003,NWE,27,16,16,14,2,3692,28,7.8,230.8,92.6,5058750
Tom Brady,5,2004,NWE,28,16,16,10,6,4110,26,7.8,256.9,92.3,8423750
Tom Brady,6,2005,NWE,29,16,16,12,4,3529,24,6.8,220.6,87.9,13823750
Tom Brady,7,2006,NWE,31,1,1,1,0,76,0,6.9,76,83.9,7340000
Tom Brady,8,2008,NWE,32,16,16,10,6,4398,28,7.8,274.9,96.2,14620000
Tom Brady,9,2009,NWE,33,16,16,14,2,3900,36,7.9,243.8,111,14620000
Tom Brady,10,2010,NWE,34,16,16,13,3,5235,39,8.6,327.2,105.6,17420000
Tom Brady,11,2011,NWE,35,16,16,12,4,4827,34,7.6,301.7,98.7,13200000
Tom Brady,12,2012,NWE,36,16,16,12,4,4343,25,6.9,271.4,87.3,8000000
Tom Brady,13,2013,NWE,37,16,16,12,4,4109,33,7.1,256.8,97.4,13800000
Tom Brady,14,2014,NWE,38,16,16,12,4,4770,36,7.6,298.1,102.2,14800000
Tom Brady,15,2015,NWE,39,12,12,11,1,3554,28,8.2,296.2,112.2,14000000
Tom Brady,16,2016,NWE,40,16,16,13,3,4577,32,7.9,286.1,102.8,13764706
Tom Brady,17,2017,NWE,41,16,16,11,5,4355,29,7.6,272.2,97.7,14000000
Tom Brady,18,2018,NWE,42,16,16,12,4,4057,24,6.6,253.6,88,22000000
Tom Brady,19,2019,NWE,43,16,16,11,5,4633,40,7.6,289.6,102.2,21500000
Tom Brady,20,2020,TAM,24,2,0,0,0,127,0,6.7,63.5,51.9,495146
Tom Savage,1,2014,HOU,26,3,2,1,1,461,0,6.3,153.7,80.9,408146
Tom Savage,2,2016,HOU,27,8,7,1,6,1412,5,6.3,176.5,71.4,675146
Tom Savage,3,2017,HOU,24,10,9,5,4,1630,7,6.1,163,70.4,916000
Trent Edwards,1,2007,BUF,25,14,14,7,7,2699,11,7.2,192.8,85.4,570000
Trent Edwards,2,2008,BUF,26,8,7,2,5,1169,6,6.4,146.1,73.8,570000
Trent Edwards,3,2009,BUF,27,5,3,0,3,521,2,5.2,104.2,54.9,660000
Trent Edwards,4,2010,2TM,29,1,0,0,0,14,0,7,14,95.8,660000
Trent Edwards,5,2012,PHI,25,14,14,8,6,3401,18,7,242.9,84.6,448196
Trevor Siemian,1,2016,DEN,26,11,10,5,5,2285,12,6.5,207.7,73.3,538196
Trevor Siemian,2,2017,DEN,28,1,1,0,1,3,0,0.5,3,56.2,628196
Trevor Siemian,3,2019,NYJ,23,4,2,1,1,452,2,5.9,113,79.5,390000
Troy Smith,1,2007,BAL,24,6,0,0,0,82,1,20.5,13.7,156.2,370000
Troy Smith,2,2008,BAL,25,4,0,0,0,24,0,2.7,6,21.3,460000
Troy Smith,3,2009,BAL,26,6,6,3,3,1176,5,8.1,196,77.8,545000
Troy Smith,4,2010,SFO,23,1,0,0,0,41,0,6.8,41,18.7,1000000
Tyler Thigpen,1,2007,KAN,24,14,11,1,10,2608,18,6.2,186.3,76,1000000
Tyler Thigpen,2,2008,KAN,25,2,0,0,0,83,1,10.4,41.5,87,730000
Tyler Thigpen,3,2009,2TM,26,5,1,0,1,435,2,7,87,73,730000
Tyler Thigpen,4,2010,MIA,27,3,0,0,0,25,0,3.1,8.3,6.8,3350000
Tyler Thigpen,5,2011,BUF,28,4,0,0,0,30,0,6,7.5,77.1,3250000
Tyler Thigpen,6,2012,BUF,22,3,0,0,0,18,0,18,6,118.7,401327
Tyrod Taylor,1,2011,BAL,23,7,0,0,0,179,0,6.2,25.6,62.3,491327
Tyrod Taylor,2,2012,BAL,24,3,0,0,0,2,0,0.4,0.7,0,581327
Tyrod Taylor,3,2013,BAL,26,14,14,7,6,3035,20,8,216.8,99.4,671327
Tyrod Taylor,4,2015,BUF,27,15,15,7,8,3023,17,6.9,201.5,89.7,883333
Tyrod Taylor,5,2016,BUF,28,15,14,8,6,2799,14,6.7,186.6,89.2,6913333
Tyrod Taylor,6,2017,BUF,29,4,3,1,1,473,2,5.6,118.3,64.5,9713334
Tyrod Taylor,7,2018,CLE,30,8,0,0,0,33,1,5.5,4.1,120.1,16000000
Tyrod Taylor,8,2019,LAC,31,2,1,1,0,208,0,6.9,104,75.4,3500000
Tyrod Taylor,9,2020,LAC,23,15,13,8,5,2199,12,6.2,146.6,66.7,13140000
Vince Young,1,2006,TEN,24,15,15,9,6,2546,9,6.7,169.7,71.1,1500000
Vince Young,2,2007,TEN,25,3,1,1,0,219,1,6.1,73,64.5,2160000
Vince Young,3,2008,TEN,26,12,10,8,2,1879,10,7.3,156.6,82.8,7500000
Vince Young,4,2009,TEN,27,9,8,4,4,1255,10,8,139.4,98.6,4000000
Vince Young,5,2010,TEN,28,6,3,1,2,866,4,7.6,144.3,60.8,350000
Vince Young,6,2011,PHI,23,7,6,0,6,1412,8,7.9,201.7,83.4,451279
Zach Mettenberger,1,2014,TEN,24,7,4,0,4,935,4,5.6,133.6,66.7,541279
Zach Mettenberger,2,2015,TEN,,,,,,,,,,,
