Player,season_year,Tm,Age,Pos,G,GS,Wins,Losses,Ties,Cmp,Att,Cmp%,Yds,TD,TD%,Int,Int%,1D,Lng,Y/A,AY/A,Y/C,Y/G,Rate,Sk,Yds.1,Sk%,NY/A,ANY/A,4QC,GWD,QBR
Spergon Wynn,2000,CLE,22,QB,7,1,0,1,0,22,54,40.7,167,0,0,1,1.9,5,32,3.1,2.3,7.6,23.9,41.2,13,89,19.4,1.16,0.49,,,
Chad Pennington,2000,NYJ,24,QB,1,0,0,0,0,2,5,40,67,1,20,0,0,2,62,13.4,17.4,33.5,67,127.1,1,4,16.7,10.5,13.83,,,
Chris Redman,2000,BAL,23,QB,2,0,0,0,0,2,3,66.7,19,0,0,0,0,1,12,6.3,6.3,9.5,9.5,84,0,0,0,6.33,6.33,,,
Tom Brady,2000,NWE,23,QB,1,0,0,0,0,1,3,33.3,6,0,0,0,0,0,6,2,2,6,6,42.4,0,0,0,2,2,,,
Tim Rattay,2000,SFO,23,QB,1,0,0,0,0,1,1,100,-4,0,0,0,0,0,-4,-4,-4,-4,-4,79.2,0,0,0,-4,-4,,,
Spergon Wynn,2001,MIN,23,QB,3,2,0,2,0,48,98,49,418,1,1,6,6.1,20,47,4.3,1.7,8.7,139.3,38.6,10,65,9.3,3.27,0.95,,,
Drew Brees,2001,SDG,22,QB,1,0,0,0,0,15,27,55.6,221,1,3.7,0,0,11,40,8.2,8.9,14.7,221,94.8,2,12,6.9,7.21,7.9,,,
A.J. Feeley,2001,PHI,24,QB,1,0,0,0,0,10,14,71.4,143,2,14.3,1,7.1,8,27,10.2,9.9,14.3,143,114,0,0,0,10.21,9.86,1,1,
Chad Pennington,2001,NYJ,25,QB,2,0,0,0,0,10,20,50,92,1,5,0,0,5,24,4.6,5.6,9.2,46,79.6,1,8,4.8,4,4.95,,,
Marques Tuiasosopo,2001,OAK,22,QB,1,0,0,0,0,3,4,75,34,0,0,0,0,1,15,8.5,8.5,11.3,34,100,0,0,0,8.5,8.5,,,
Tim Rattay,2001,SFO,24,QB,3,0,0,0,0,2,2,100,21,0,0,0,0,1,20,10.5,10.5,10.5,7,110.4,0,0,0,10.5,10.5,,,
Mike McMahon,2002,DET,23,QB,8,4,0,4,0,62,147,42.2,874,7,4.8,9,6.1,40,49,5.9,4.1,14.1,109.3,52.4,12,99,7.5,4.87,3.21,,,
Tim Rattay,2002,SFO,25,QB,4,0,0,0,0,26,43,60.5,232,2,4.7,0,0,11,27,5.4,6.3,8.9,58,90.5,5,26,10.4,4.29,5.13,,,
David Garrard,2002,JAX,24,QB,4,1,0,1,0,23,46,50,231,1,2.2,2,4.3,16,22,5,3.5,10,57.8,53.8,7,40,13.2,3.6,2.28,,,
Chris Weinke,2002,CAR,30,QB,6,1,0,1,0,17,38,44.7,180,0,0,3,7.9,10,24,4.7,1.2,10.6,30,26.2,6,35,13.6,3.3,0.23,,,
Josh McCown,2002,ARI,23,QB,2,0,0,0,0,7,18,38.9,66,0,0,2,11.1,3,26,3.7,-1.3,9.4,33,10.2,5,50,21.7,0.7,-3.22,,,
Sage Rosenfels,2002,MIA,24,QB,4,0,0,0,0,0,3,0,0,0,0,0,0,0,0,0,0,,0,39.6,0,0,0,0,0,,,
Marques Tuiasosopo,2003,OAK,24,QB,4,1,0,1,0,25,45,55.6,324,0,0,3,6.7,14,35,7.2,4.2,13,81,50.6,2,14,4.3,6.6,3.72,,,
Mike McMahon,2003,DET,24,QB,3,0,0,0,0,9,31,29,87,0,0,2,6.5,4,26,2.8,-0.1,9.7,29,12.7,2,9,6.1,2.36,-0.36,,,
David Garrard,2003,JAX,25,QB,2,0,0,0,0,9,12,75,86,1,8.3,0,0,5,28,7.2,8.8,9.6,43,122.2,0,0,0,7.17,8.83,,,
Chris Redman,2003,BAL,26,QB,2,0,0,0,0,7,13,53.8,58,0,0,2,15.4,4,16,4.5,-2.5,8.3,29,26,6,45,31.6,0.68,-4.05,,,
Sage Rosenfels,2003,MIA,25,QB,2,0,0,0,0,4,6,66.7,50,1,16.7,0,0,2,21,8.3,11.7,12.5,25,131.9,0,0,0,8.33,11.67,,,
Luke McCown,2004,CLE,23,QB,5,4,0,4,0,48,98,49,608,4,4.1,7,7.1,19,58,6.2,3.8,12.7,121.6,52.6,12,122,10.9,4.42,2.28,,,
Matt Schaub,2004,ATL,23,QB,6,1,0,1,0,33,70,47.1,330,1,1.4,4,5.7,15,59,4.7,2.4,10,55,42,4,14,5.4,4.27,2.11,,,
Sage Rosenfels,2004,MIA,26,QB,3,1,0,1,0,16,39,41,264,1,2.6,3,7.7,9,76,6.8,3.8,16.5,88,41,3,16,7.1,5.9,3.17,,,
Jim Sorgi,2004,IND,24,QB,4,0,0,0,0,17,29,58.6,175,2,6.9,0,0,6,71,6,7.4,10.3,43.8,99.1,1,8,3.3,5.57,6.9,,,
Mike McMahon,2004,DET,25,QB,1,0,0,0,0,11,15,73.3,77,0,0,1,6.7,4,19,5.1,2.1,7,77,56.8,1,12,6.3,4.06,1.25,,,
Brooks Bollinger,2004,NYJ,25,QB,1,0,0,0,0,5,9,55.6,60,0,0,0,0,2,26,6.7,6.7,12,60,76.2,1,8,10,5.2,5.2,,,
Philip Rivers,2004,SDG,23,QB,2,0,0,0,0,5,8,62.5,33,1,12.5,0,0,3,13,4.1,6.6,6.6,16.5,110.9,0,0,0,4.13,6.63,,,
J.P. Losman,2004,BUF,23,QB,4,0,0,0,0,3,5,60,32,0,0,1,20,2,17,6.4,-2.6,10.7,8,39.2,1,0,16.7,5.33,-2.17,,,
Ryan Fitzpatrick,2005,STL,23,QB,4,3,0,3,0,76,135,56.3,777,4,3,8,5.9,40,56,5.8,3.7,10.2,194.3,58.2,9,49,6.3,5.06,3.11,1,1,
Matt Schaub,2005,ATL,24,QB,16,1,0,1,0,33,64,51.6,495,4,6.3,0,0,23,53,7.7,9,15,30.9,98.1,6,27,8.6,6.69,7.83,,,
Sage Rosenfels,2005,MIA,27,QB,4,1,0,1,0,34,61,55.7,462,4,6.6,3,4.9,17,77,7.6,6.7,13.6,115.5,81.5,0,0,0,7.57,6.67,2,2,
Jim Sorgi,2005,IND,25,QB,5,0,0,0,0,42,61,68.9,444,3,4.9,1,1.6,20,45,7.3,7.5,10.6,88.8,99.4,3,14,4.7,6.72,6.95,,,
Matt Cassel,2005,NWE,23,QB,2,0,0,0,0,13,24,54.2,183,2,8.3,1,4.2,8,36,7.6,7.4,14.1,91.5,89.4,1,1,4,7.28,7.08,,,
Seneca Wallace,2005,SEA,25,QB,7,0,0,0,0,13,25,52,173,1,4,1,4,10,42,6.9,5.9,13.3,24.7,70.9,3,20,10.7,5.46,4.57,,,
Marques Tuiasosopo,2005,OAK,26,QB,1,1,0,1,0,14,26,53.8,124,1,3.8,2,7.7,8,20,4.8,2.1,8.9,124,47.6,6,40,18.8,2.63,0.44,,,
Philip Rivers,2005,SDG,24,QB,2,0,0,0,0,12,22,54.5,115,0,0,1,4.5,6,22,5.2,3.2,9.6,57.5,50.4,3,16,12,3.96,2.16,,,
Aaron Rodgers,2005,GNB,22,QB,3,0,0,0,0,9,16,56.3,65,0,0,1,6.3,3,16,4.1,1.3,7.2,21.7,39.8,3,28,15.8,1.95,-0.42,,,
Chris Weinke,2005,CAR,33,QB,3,0,0,0,0,7,13,53.8,64,1,7.7,0,0,4,18,4.9,6.5,9.1,21.3,93.1,0,0,0,4.92,6.46,1,1,
Dan Orlovsky,2005,DET,22,QB,2,0,0,0,0,7,17,41.2,63,0,0,0,0,5,20,3.7,3.7,9,31.5,51.8,1,3,5.6,3.33,3.33,,,
Derek Anderson,2006,CLE,23,QB,5,3,0,3,0,66,117,56.4,793,5,4.3,8,6.8,37,66,6.8,4.6,12,158.6,63.1,8,66,6.4,5.82,3.74,1,1,42.2
Chris Simms,2006,TAM,26,QB,3,3,0,3,0,58,106,54.7,585,1,0.9,7,6.6,28,55,5.5,2.7,10.1,195,46.3,4,32,3.6,5.03,2.35,,,34.1
Kyle Boller,2006,BAL,25,QB,5,0,0,0,0,33,55,60,485,5,9.1,2,3.6,20,77,8.8,9,14.7,97,104,3,16,5.2,8.09,8.26,,,72.4
Tarvaris Jackson,2006,MIN,23,QB,4,2,0,2,0,47,81,58,475,2,2.5,4,4.9,19,50,5.9,4.1,10.1,118.8,62.5,8,37,9,4.92,3.35,,,11.5
A.J. Feeley,2006,PHI,29,QB,2,0,0,0,0,26,38,68.4,342,3,7.9,0,0,15,89,9,10.6,13.2,171,122.9,1,10,2.6,8.51,10.05,0,1,81.4
Sage Rosenfels,2006,HOU,28,QB,4,0,0,0,0,27,39,69.2,265,3,7.7,1,2.6,15,28,6.8,7.2,9.8,66.3,103,1,5,2.5,6.5,6.88,,,66.6
Matt Schaub,2006,ATL,25,QB,16,0,0,0,0,18,27,66.7,208,1,3.7,2,7.4,9,47,7.7,5.1,11.6,13,71.2,2,8,6.9,6.9,4.48,,,71
Brooks Bollinger,2006,MIN,27,QB,2,0,0,0,0,13,18,72.2,146,0,0,1,5.6,7,50,8.1,5.6,11.2,73,72.9,6,42,25,4.33,2.46,,,30.9
Marques Tuiasosopo,2006,OAK,27,QB,2,0,0,0,0,6,13,46.2,68,1,7.7,2,15.4,4,29,5.2,-0.2,11.3,34,48.4,0,0,0,5.23,-0.15,,,84.2
Aaron Rodgers,2006,GNB,23,QB,2,0,0,0,0,6,15,40,46,0,0,0,0,2,16,3.1,3.1,7.7,23,48.2,3,18,16.7,1.56,1.56,,,7.9
Matt Cassel,2006,NWE,24,QB,6,0,0,0,0,5,8,62.5,32,0,0,0,0,3,10,4,4,6.4,5.3,70.8,3,15,27.3,1.55,1.55,,,8.5
Brodie Croyle,2006,KAN,23,QB,2,0,0,0,0,3,7,42.9,23,0,0,2,28.6,2,11,3.3,-9.6,7.7,11.5,11.9,1,10,12.5,1.63,-9.63,,,0.7
Kellen Clemens,2006,NYJ,23,QB,2,0,0,0,0,0,1,0,0,0,0,0,0,0,0,0,0,,0,39.6,4,27,80,-5.4,-5.4,,,0.9
Ken Dorsey,2006,CLE,25,QB,1,0,0,0,0,0,1,0,0,0,0,0,0,0,0,0,0,,0,39.6,1,7,50,-3.5,-3.5,,,0.1
Patrick Ramsey,2006,NYJ,27,QB,1,0,0,0,0,0,1,0,0,0,0,0,0,0,0,0,0,,0,39.6,0,0,0,0,0,,,1.7
Brodie Croyle,2007,KAN,24,qb,9,6,0,6,0,127,224,56.7,1227,6,2.7,6,2.7,58,35,5.5,4.8,9.7,136.3,69.9,35.2,17,101,7.1,4.67,4.05,,
A.J. Feeley,2007,PHI,30,,3,2,0,2,0,59,103,57.3,681,5,4.9,8,7.8,34,47,6.6,4.1,11.5,227,61.2,52.9,3,10,2.8,6.33,3.88,,
John Beck,2007,MIA,26,,5,4,0,4,0,60,107,56.1,559,1,0.9,3,2.8,23,22,5.2,4.1,9.3,111.8,62,13.3,10,69,8.5,4.19,3.21,,
Brooks Bollinger,2007,MIN,28,,5,1,0,1,0,33,50,66,391,1,2,1,2,18,50,7.8,7.3,11.8,78.2,88,41.5,7,36,12.3,6.23,5.79,1,1
JaMarcus Russell,2007,OAK,22,,4,1,0,1,0,36,66,54.5,373,2,3,4,6.1,17,32,5.7,3.5,10.4,93.3,55.9,19.8,6,40,8.3,4.63,2.68,,
Byron Leftwich,2007,ATL,27,,3,2,0,2,0,32,58,55.2,279,1,1.7,2,3.4,13,23,4.8,3.6,8.7,93,59.5,6.6,6,37,9.4,3.78,2.69,,
Patrick Ramsey,2007,DEN,28,,2,0,0,0,0,29,48,60.4,262,1,2.1,1,2.1,12,21,5.5,4.9,9,131,73.4,59.9,3,13,5.9,4.88,4.39,,
Aaron Rodgers,2007,GNB,24,,2,0,0,0,0,20,28,71.4,218,1,3.6,0,0,9,43,7.8,8.5,10.9,109,106,78.8,3,24,9.7,6.26,6.9,,
Seneca Wallace,2007,SEA,27,,10,0,0,0,0,19,28,67.9,215,2,7.1,1,3.6,7,45,7.7,7.5,11.3,21.5,99.6,19.5,3,13,9.7,6.52,6.35,,
Tim Rattay,2007,ARI,30,,4,0,0,0,0,15,27,55.6,164,3,11.1,3,11.1,9,42,6.1,3.3,10.9,41,71.1,65.8,0,0,0,6.07,3.3,,
J.T. O'Sullivan,2007,DET,28,,4,0,0,0,0,13,26,50,148,1,3.8,2,7.7,7,42,5.7,3,11.4,37,48.2,4.2,3,18,10.3,4.48,2.07,,
Jim Sorgi,2007,IND,27,,4,0,0,0,0,18,36,50,132,1,2.8,0,0,7,12,3.7,4.2,7.3,33,68.3,19.3,2,15,5.3,3.08,3.61,,
Bruce Gradkowski,2007,TAM,24,,4,0,0,0,0,13,24,54.2,130,0,0,1,4.2,5,20,5.4,3.5,10,32.5,52.4,37.3,2,14,7.7,4.46,2.73,,
Chris Weinke,2007,SFO,35,,2,1,0,1,0,13,22,59.1,104,1,4.5,0,0,5,21,4.7,5.6,8,52,86.2,2.7,5,31,18.5,2.7,3.44,,
Brady Quinn,2007,CLE,23,,1,0,0,0,0,3,8,37.5,45,0,0,0,0,3,18,5.6,5.6,15,45,56.8,59,0,0,0,5.63,5.63,,
Tyler Thigpen,2007,KAN,23,,1,0,0,0,0,2,6,33.3,41,0,0,1,16.7,2,22,6.8,-0.7,20.5,41,18.7,0.4,1,9,14.3,4.57,-1.86,,
Matt Cassel,2007,NWE,25,,6,0,0,0,0,4,7,57.1,38,0,0,1,14.3,2,21,5.4,-1,9.5,6.3,32.7,99.1,0,0,0,5.43,-1,,
Andrew Walter,2007,OAK,25,,1,0,0,0,0,5,8,62.5,38,0,0,0,0,2,19,4.8,4.8,7.6,38,74,80.7,0,0,0,4.75,4.75,,
Charlie Frye,2007,CLE,26,,1,1,0,1,0,4,10,40,34,0,0,1,10,2,15,3.4,-1.1,8.5,34,10,0.5,5,31,33.3,0.2,-2.8,,
Brad Smith,2007,NYJ,24,WR,16,9,0,0,0,0,1,0,0,0,0,0,0,0,0,0,0,,0,39.6,0,0,0,0,0,0,,
Dan Orlovsky,2008,DET,25,QB,10,7,0,7,0,143,255,56.1,1616,8,3.1,8,3.1,74,96,6.3,5.6,11.3,161.6,72.6,14,95,5.2,5.65,4.91,,,42
Carson Palmer,2008,CIN,29,QB,4,4,0,4,0,75,129,58.1,731,3,2.3,4,3.1,41,36,5.7,4.7,9.7,182.8,69,11,67,7.9,4.74,3.89,,,65
J.P. Losman,2008,BUF,27,QB,5,2,0,2,0,63,104,60.6,584,2,1.9,5,4.8,34,87,5.6,3.8,9.3,116.8,62.3,15,119,12.6,3.91,2.35,,,30.9
Ken Dorsey,2008,CLE,27,QB,4,3,0,3,0,43,91,47.3,370,0,0,7,7.7,21,28,4.1,0.6,8.6,92.5,26.4,5,43,5.2,3.41,0.13,,,19.6
Byron Leftwich,2008,PIT,28,QB,5,0,0,0,0,21,36,58.3,303,2,5.6,0,0,17,50,8.4,9.5,14.4,60.6,104.3,3,22,7.7,7.21,8.23,,,97.3
Matt Leinart,2008,ARI,25,QB,4,0,0,0,0,15,29,51.7,264,1,3.4,1,3.4,9,78,9.1,8.2,17.6,66,80.2,2,19,6.5,7.9,7.1,,,18.2
Rex Grossman,2008,CHI,28,QB,4,1,0,1,0,32,62,51.6,257,2,3.2,2,3.2,12,29,4.1,3.3,8,64.3,59.7,2,8,3.1,3.89,3.11,1,1,23.6
Andrew Walter,2008,OAK,26,QB,2,1,0,1,0,22,49,44.9,204,0,0,3,6.1,11,28,4.2,1.4,9.3,102,31.3,5,39,9.3,3.06,0.56,,,1.7
Jim Sorgi,2008,IND,28,QB,1,0,0,0,0,22,30,73.3,178,0,0,0,0,10,33,5.9,5.9,8.1,178,87.9,0,0,0,5.93,5.93,,,85.9
Brodie Croyle,2008,KAN,25,QB,2,2,0,2,0,20,29,69,151,0,0,0,0,7,22,5.2,5.2,7.6,75.5,81.2,1,10,3.3,4.7,4.7,,,66.5
Kevin Kolb,2008,PHI,24,QB,6,0,0,0,0,17,34,50,144,0,0,4,11.8,8,16,4.2,-1.1,8.5,24,21.8,0,0,0,4.24,-1.06,,,4.7
Drew Stanton,2008,DET,24,QB,3,0,0,0,0,9,17,52.9,119,1,5.9,0,0,6,41,7,8.2,13.2,39.7,95,6,35,26.1,3.65,4.52,,,31
David Carr,2008,NYG,29,QB,3,0,0,0,0,9,12,75,115,2,16.7,0,0,7,27,9.6,12.9,12.8,38.3,144.1,1,2,7.7,8.69,11.77,,,88.2
Charlie Frye,2008,SEA,27,QB,2,1,0,1,0,12,23,52.2,83,2,8.7,2,8.7,5,19,3.6,1.4,6.9,41.5,53.4,3,19,11.5,2.46,0.54,,,10.5
Troy Smith,2008,BAL,24,QB,6,0,0,0,0,3,4,75,82,1,25,0,0,3,43,20.5,25.5,27.3,13.7,156.2,1,1,20,16.2,20.2,,,68.2
Brooks Bollinger,2008,DAL,29,QB,2,0,0,0,0,10,17,58.8,71,1,5.9,1,5.9,4,24,4.2,2.7,7.1,35.5,63.6,3,22,15,2.45,1.2,,,16.2
Chad Henne,2008,MIA,23,QB,3,0,0,0,0,7,12,58.3,67,0,0,0,0,3,19,5.6,5.6,9.6,22.3,74,0,0,0,5.58,5.58,,,88
Kellen Clemens,2008,NYJ,25,QB,2,0,0,0,0,3,5,60,26,0,0,1,20,2,11,5.2,-3.8,8.7,13,34.2,0,0,0,5.2,-3.8,,,2
Bruce Gradkowski,2008,CLE,25,QB,2,1,0,1,0,7,21,33.3,26,0,0,3,14.3,1,12,1.2,-5.2,3.7,13,2.8,4,18,16,0.32,-5.08,,,0.6
Drew Henson,2008,DET,28,QB,2,0,0,0,0,1,2,50,20,0,0,0,0,1,20,10,10,20,10,85.4,3,25,60,-1,-1,,,4.9
Patrick Ramsey,2008,DEN,29,QB,1,0,0,0,0,2,3,66.7,19,0,0,0,0,2,10,6.3,6.3,9.5,19,84,1,5,25,3.5,3.5,,,40.9
Brad Smith,2008,NYJ,25,QB,15,1,0,0,0,1,2,50,18,0,0,0,0,0,18,9,9,18,1.2,81.2,0,0,0,9,9,,,0.3
Chris Simms,2008,TEN,28,QB,1,0,0,0,0,1,2,50,7,0,0,0,0,1,7,3.5,3.5,7,7,58.3,1,10,33.3,-1,-1,,,3.9
Matt Flynn,2008,GNB,23,QB,7,0,0,0,0,2,5,40,6,0,0,0,0,0,3,1.2,1.2,3,0.9,47.9,0,0,0,1.2,1.2,,,12.5
Marques Tuiasosopo,2008,OAK,29,QB,2,0,0,0,0,1,2,50,4,0,0,0,0,0,4,2,2,4,2,56.2,2,16,50,-3,-3,,,0
Luke McCown,2008,TAM,27,QB,2,0,0,0,0,0,1,0,0,0,0,0,0,0,0,0,0,,0,39.6,0,0,0,0,0,,,0.5
Kyle Boller,2009,STL,28,QB,7,4,0,4,0,98,176,55.7,899,3,1.7,6,3.4,42,35,5.1,3.9,9.2,128.4,61.2,17,117,8.8,4.05,2.96,,,23.2
Chris Redman,2009,ATL,32,QB,6,2,0,2,0,69,119,58,781,4,3.4,3,2.5,41,50,6.6,6.1,11.3,130.2,78.4,8,34,6.3,5.88,5.45,1,1,64.6
Seneca Wallace,2009,SEA,29,QB,13,2,0,2,0,78,120,65,700,3,2.5,2,1.7,36,39,5.8,5.6,9,53.8,81.9,9,59,7,4.97,4.74,,,44.7
Josh Johnson,2009,TAM,23,QB,6,4,0,4,0,63,125,50.4,685,4,3.2,8,6.4,31,35,5.5,3.2,10.9,114.2,50.9,11,59,8.1,4.6,2.54,,,37.6
Byron Leftwich,2009,TAM,29,QB,3,3,0,3,0,58,107,54.2,594,4,3.7,3,2.8,27,47,5.6,5,10.2,198,71.2,2,0,1.8,5.45,4.94,,,61
Matt Leinart,2009,ARI,26,QB,8,1,0,1,0,51,77,66.2,435,0,0,3,3.9,22,28,5.6,3.9,8.5,54.4,64.6,2,12,2.5,5.35,3.65,,,45.9
Chad Pennington,2009,MIA,33,QB,3,3,0,3,0,51,74,68.9,413,1,1.4,2,2.7,27,21,5.6,4.6,8.1,137.7,76,6,32,7.5,4.76,3.89,,,40.5
Drew Stanton,2009,DET,25,QB,3,1,0,1,0,26,51,51,259,0,0,6,11.8,12,30,5.1,-0.2,10,86.3,26.1,5,27,8.9,4.14,-0.68,,,12.4
Brodie Croyle,2009,KAN,26,QB,3,1,0,1,0,23,40,57.5,230,2,5,0,0,10,50,5.8,6.8,10,76.7,90.6,3,18,7,4.93,5.86,,,74.8
David Carr,2009,NYG,30,QB,6,0,0,0,0,21,33,63.6,225,1,3,0,0,11,37,6.8,7.4,10.7,37.5,93.6,2,11,5.7,6.11,6.69,,,70.7
Tarvaris Jackson,2009,MIN,26,QB,8,0,0,0,0,14,21,66.7,201,1,4.8,0,0,9,34,9.6,10.5,14.4,25.1,113.4,0,0,0,9.57,10.52,,,68.8
Michael Vick,2009,PHI,29,QB,12,1,0,0,0,6,13,46.2,86,1,7.7,0,0,3,43,6.6,8.2,14.3,7.2,93.7,0,0,0,6.62,8.15,,,52.9
Curtis Painter,2009,IND,24,QB,2,0,0,0,0,8,28,28.6,83,0,0,2,7.1,3,22,3,-0.3,10.4,41.5,9.8,3,16,9.7,2.16,-0.74,,,0.6
Tyler Thigpen,2009,2TM,25,QB,2,0,0,0,0,4,8,50,83,1,12.5,2,25,0,34,10.4,1.6,20.8,41.5,87,0,0,0,10.38,1.63,,,
Matt Flynn,2009,GNB,24,QB,15,0,0,0,0,7,12,58.3,58,0,0,1,8.3,5,17,4.8,1.1,8.3,3.9,36.1,1,6,7.7,4,0.54,,,30.7
J.T. O'Sullivan,2009,CIN,30,QB,3,0,0,0,0,4,11,36.4,40,0,0,0,0,1,16,3.6,3.6,10,13.3,47.5,3,31,21.4,0.64,0.64,,,2.3
Rex Grossman,2009,HOU,29,QB,1,0,0,0,0,3,9,33.3,33,0,0,1,11.1,1,21,3.7,-1.3,11,33,5.6,0,0,0,3.67,-1.33,,,10.1
Brad Smith,2009,NYJ,26,QB,13,2,0,0,0,1,1,100,27,0,0,0,0,1,27,27,27,27,2.1,118.7,0,0,0,27,27,,,100
Troy Smith,2009,BAL,25,QB,4,0,0,0,0,5,9,55.6,24,0,0,1,11.1,1,9,2.7,-2.3,4.8,6,21.3,0,0,0,2.67,-2.33,,,40
Chris Simms,2009,DEN,29,QB,3,1,0,1,0,5,17,29.4,23,0,0,1,5.9,1,7,1.4,-1.3,4.6,7.7,15.1,5,39,22.7,-0.73,-2.77,,,1.5
Josh McCown,2009,CAR,30,QB,1,0,0,0,0,1,6,16.7,2,0,0,0,0,0,2,0.3,0.3,2,2,39.6,1,6,14.3,-0.57,-0.57,,,2.4
Luke McCown,2009,JAX,28,QB,3,0,0,0,0,1,3,33.3,2,0,0,0,0,0,2,0.7,0.7,2,0.7,42.4,2,7,40,-1,-1,,,3.7
J.P. Losman,2009,OAK,28,QB,1,0,0,0,0,0,1,0,0,0,0,0,0,0,0,0,0,,0,39.6,0,0,0,0,0,,,3.9
Pat White,2009,MIA,23,QB,13,0,0,0,0,0,5,0,0,0,0,0,0,0,0,0,0,,0,39.6,1,9,16.7,-1.5,-1.5,,,12.7
Trent Edwards,2010,2TM,27,QB,5,3,0,3,0,55,101,54.5,521,2,2,5,5,0,44,5.2,3.3,9.5,104.2,54.9,11,95,9.8,3.8,2.15,,,
Tyler Thigpen,2010,MIA,26,QB,5,1,0,1,0,33,62,53.2,435,2,3.2,2,3.2,18,35,7,6.2,13.2,87,73,8,50,11.4,5.5,4.79,,,29.9
Matt Flynn,2010,GNB,25,QB,7,1,0,1,0,40,66,60.6,433,3,4.5,2,3,21,66,6.6,6.1,10.8,61.9,82.4,7,38,9.6,5.41,5,,,25
Tarvaris Jackson,2010,MIN,27,QB,3,1,0,1,0,34,58,58.6,341,3,5.2,4,6.9,17,46,5.9,3.8,10,113.7,63.9,6,43,9.4,4.66,2.78,,,27.9
Luke McCown,2010,JAX,29,QB,1,0,0,0,0,11,19,57.9,120,0,0,0,0,6,25,6.3,6.3,10.9,120,76.6,0,0,0,6.32,6.32,,,27
Josh Johnson,2010,TAM,24,QB,11,0,0,0,0,14,16,87.5,111,0,0,0,0,5,22,6.9,6.9,7.9,10.1,95.6,2,8,11.1,5.72,5.72,,,60.3
David Carr,2010,SFO,31,QB,1,0,0,0,0,5,13,38.5,67,0,0,1,7.7,2,22,5.2,1.7,13.4,67,23.6,1,5,7.1,4.43,1.21,,,4.6
Byron Leftwich,2010,PIT,30,QB,1,0,0,0,0,5,7,71.4,42,0,0,0,0,4,14,6,6,8.4,42,86.6,2,7,22.2,3.89,3.89,,,54.4
Brodie Croyle,2010,KAN,27,QB,2,1,0,1,0,8,19,42.1,38,0,0,1,5.3,2,16,2,-0.4,4.8,19,27.7,4,29,17.4,0.39,-1.57,,,6.1
Kyle Boller,2010,OAK,29,QB,5,0,0,0,0,2,4,50,25,0,0,1,25,1,20,6.3,-5,12.5,5,30.2,1,6,20,3.8,-5.2,,,0.3
Chris Redman,2010,ATL,33,QB,2,0,0,0,0,4,6,66.7,20,0,0,0,0,1,14,3.3,3.3,5,10,71.5,0,0,0,3.33,3.33,,,26.8
Kellen Clemens,2010,NYJ,27,QB,1,0,0,0,0,1,2,50,6,0,0,0,0,1,6,3,3,6,6,56.2,0,0,0,3,3,,,100
Brad Smith,2010,NYJ,27,QB,16,2,0,0,0,2,3,66.7,6,1,33.3,0,0,1,3,2,8.7,3,0.4,109.7,0,0,0,2,8.67,,,88.4
Curtis Painter,2011,IND,26,QB,9,8,0,8,0,132,243,54.3,1541,6,2.5,9,3.7,71,87,6.3,5.2,11.7,171.2,66.6,16,104,6.2,5.55,4.45,,,30.9
Chad Henne,2011,MIA,26,QB,4,4,0,4,0,64,112,57.1,868,4,3.6,4,3.6,41,41,7.8,6.9,13.6,217,79,11,67,8.9,6.51,5.7,,,62.5
John Beck,2011,WAS,30,QB,4,3,0,3,0,80,132,60.6,858,2,1.5,4,3,44,32,6.5,5.4,10.7,214.5,72.1,16,84,10.8,5.23,4.28,,,38.1
Seneca Wallace,2011,CLE,31,QB,6,3,0,3,0,55,107,51.4,567,2,1.9,2,1.9,29,76,5.3,4.8,10.3,94.5,65.4,6,30,5.3,4.75,4.31,,,59.8
Kellen Clemens,2011,STL,28,QB,3,3,0,3,0,48,91,52.7,546,2,2.2,1,1.1,30,36,6,5.9,11.4,182,73.8,9,68,9,4.78,4.73,,,34.6
Charlie Whitehurst,2011,SEA,29,QB,3,2,0,2,0,27,56,48.2,298,1,1.8,1,1.8,14,38,5.3,4.9,11,99.3,62.9,8,46,12.5,3.94,3.55,1,1,19.7
Josh Johnson,2011,TAM,25,QB,9,1,0,1,0,19,36,52.8,246,1,2.8,2,5.6,12,42,6.8,4.9,12.9,27.3,60.6,3,24,7.7,5.69,3.9,,,44.2
Chris Redman,2011,ATL,34,QB,5,0,0,0,0,18,28,64.3,188,0,0,1,3.6,9,22,6.7,5.1,10.4,37.6,68.7,0,0,0,6.71,5.11,,,20.4
Kyle Boller,2011,OAK,30,QB,2,1,0,1,0,15,28,53.6,161,0,0,3,10.7,7,27,5.8,0.9,10.7,80.5,31.1,3,19,9.7,4.58,0.23,,,7.5
Bruce Gradkowski,2011,CIN,28,QB,2,0,0,0,0,8,18,44.4,109,1,5.6,1,5.6,4,41,6.1,4.7,13.6,54.5,59.7,1,7,5.3,5.37,4.05,1,1,20.1
J.P. Losman,2011,MIA,30,QB,2,0,0,0,0,6,10,60,60,0,0,0,0,3,25,6,6,10,30,77.1,5,38,33.3,1.47,1.47,,,5.3
Tyler Thigpen,2011,BUF,27,QB,3,0,0,0,0,3,8,37.5,25,0,0,1,12.5,2,13,3.1,-2.5,8.3,8.3,6.8,0,0,0,3.13,-2.5,,,26.4
Tyrod Taylor,2011,BAL,22,QB,3,0,0,0,0,1,1,100,18,0,0,0,0,0,18,18,18,18,6,118.7,2,3,66.7,5,5,,,13.2
Brad Smith,2011,BUF,28,QB,15,5,0,0,0,0,1,0,0,0,0,1,100,0,0,0,-45,,0,0,1,6,50,-3,-25.5,,,27.2
Byron Leftwich,2012,PIT,32,QB,2,1,0,1,0,25,53,47.2,272,0,0,1,1.9,13,37,5.1,4.3,10.9,136,54.9,3,24,5.4,4.43,3.63,0,0,28.8
Jason Campbell,2012,CHI,31,QB,6,1,0,1,0,32,51,62.7,265,2,3.9,2,3.9,10,45,5.2,4.2,8.3,44.2,72.8,6,49,10.5,3.79,2.91,,,9.2
Tyrod Taylor,2012,BAL,23,QB,7,0,0,0,0,17,29,58.6,179,0,0,1,3.4,8,25,6.2,4.6,10.5,25.6,62.3,3,30,9.4,4.66,3.25,,,52.3
Matt Leinart,2012,OAK,29,QB,2,0,0,0,0,16,33,48.5,115,0,0,1,3,7,20,3.5,2.1,7.2,57.5,44.4,1,9,2.9,3.12,1.79,,,24
Kyle Orton,2012,DAL,30,QB,1,0,0,0,0,9,10,90,89,1,10,0,0,6,21,8.9,10.9,9.9,89,137.1,0,0,0,8.9,10.9,,,99.5
Colt McCoy,2012,CLE,26,QB,3,0,0,0,0,9,17,52.9,79,1,5.9,0,0,5,21,4.6,5.8,8.8,26.3,85.2,4,25,19,2.57,3.52,,,17.8
Matt Flynn,2012,SEA,27,QB,3,0,0,0,0,5,9,55.6,68,0,0,0,0,3,27,7.6,7.6,13.6,22.7,79.9,0,0,0,7.56,7.56,,,23.1
Bruce Gradkowski,2012,CIN,29,QB,2,0,0,0,0,5,11,45.5,65,0,0,0,0,1,44,5.9,5.9,13,32.5,64.6,0,0,0,5.91,5.91,1,1,33.6
Derek Anderson,2012,CAR,29,QB,2,0,0,0,0,4,4,100,58,0,0,0,0,3,23,14.5,14.5,14.5,29,118.7,0,0,0,14.5,14.5,,,90.9
Dan Orlovsky,2012,TAM,29,QB,1,0,0,0,0,4,7,57.1,51,0,0,0,0,2,24,7.3,7.3,12.8,51,80.1,0,0,0,7.29,7.29,,,56.8
Kellen Clemens,2012,STL,29,QB,2,0,0,0,0,1,3,33.3,39,0,0,1,33.3,1,39,13,-2,39,19.5,42.4,0,0,0,13,-2,,,5.2
Tim Tebow,2012,NYJ,25,QB,12,2,0,0,0,6,8,75,39,0,0,0,0,2,23,4.9,4.9,6.5,3.3,84.9,2,7,20,3.2,3.2,,,25.4
T.J. Yates,2012,HOU,25,QB,4,0,0,0,0,4,10,40,38,0,0,1,10,3,19,3.8,-0.7,9.5,9.5,11.7,1,0,9.1,3.45,-0.64,,,44.8
Tyler Thigpen,2012,BUF,28,QB,4,0,0,0,0,3,5,60,30,0,0,0,0,2,12,6,6,10,7.5,77.1,0,0,0,6,6,,,35.9
David Carr,2012,NYG,33,QB,2,0,0,0,0,2,3,66.7,19,0,0,0,0,1,15,6.3,6.3,9.5,9.5,84,1,6,25,3.25,3.25,,,2.3
Ryan Mallett,2012,NWE,24,QB,4,0,0,0,0,1,4,25,17,0,0,1,25,1,17,4.3,-7,17,4.3,5.2,0,0,0,4.25,-7,,,0.5
Trent Edwards,2012,PHI,29,QB,1,0,0,0,0,2,2,100,14,0,0,0,0,0,8,7,7,7,14,95.8,0,0,0,7,7,,,98.1
Brad Smith,2012,BUF,29,QB,15,2,0,0,0,0,1,0,0,0,0,1,100,0,0,0,-45,,0,0,0,0,0,0,-45,,,84.3
Brandon Weeden,2013,CLE,30,QB,8,5,0,5,0,141,267,52.8,1731,9,3.4,9,3.4,81,95,6.5,5.6,12.3,216.4,70.3,27,180,9.2,5.28,4.51,0,1,34.4
Josh Freeman,2013,2TM,25,QB,4,4,0,4,0,63,147,42.9,761,2,1.4,4,2.7,0,39,5.2,4.2,12.1,190.3,52.6,8,61,5.2,4.52,3.61,,,
Kyle Orton,2013,DAL,31,QB,3,1,0,1,0,33,51,64.7,398,2,3.9,2,3.9,19,39,7.8,6.8,12.1,132.7,85.3,0,0,0,7.8,6.82,,,47.2
Tarvaris Jackson,2013,SEA,30,QB,3,0,0,0,0,10,13,76.9,151,1,7.7,0,0,7,35,11.6,13.2,15.1,50.3,140.2,0,0,0,11.62,13.15,,,97.4
Seneca Wallace,2013,GNB,33,QB,2,1,0,1,0,16,24,66.7,139,0,0,1,4.2,7,17,5.8,3.9,8.7,69.5,64.4,4,25,14.3,4.07,2.46,,,9.2
T.J. Yates,2013,HOU,26,QB,3,0,0,0,0,15,22,68.2,113,0,0,2,9.1,7,20,5.1,1,7.5,37.7,42.4,2,7,8.3,4.42,0.67,,,25.1
Curtis Painter,2013,NYG,28,QB,3,0,0,0,0,8,16,50,57,0,0,2,12.5,2,9,3.6,-2.1,7.1,19,19,1,6,5.9,3,-2.29,,,0.5
Colt McCoy,2013,SFO,27,QB,4,0,0,0,0,1,1,100,13,0,0,0,0,1,13,13,13,13,3.3,118.7,0,0,0,13,13,,,4.1
Tyrod Taylor,2013,BAL,24,QB,3,0,0,0,0,1,5,20,2,0,0,1,20,0,2,0.4,-8.6,2,0.7,0,0,0,0,0.4,-8.6,,,70.8
Luke McCown,2013,NOR,32,QB,16,0,0,0,0,0,1,0,0,0,0,0,0,0,0,0,0,,0,39.6,0,0,0,0,0,,,
Brad Smith,2013,2TM,30,QB,8,0,0,0,0,0,1,0,0,0,0,0,0,0,0,0,0,,0,39.6,0,0,0,0,0,,,
Zach Mettenberger,2014,TEN,23,QB,7,6,0,6,0,107,179,59.8,1412,8,4.5,7,3.9,56,80,7.9,7,13.2,201.7,83.4,18,138,9.1,6.47,5.68,,,30.8
Ryan Lindley,2014,ARI,25,QB,3,2,0,2,0,45,93,48.4,562,2,2.2,4,4.3,30,41,6,4.5,12.5,187.3,56.8,6,46,6.1,5.21,3.8,,,
Chad Henne,2014,JAX,29,QB,3,3,0,3,0,42,78,53.8,492,3,3.8,1,1.3,19,63,6.3,6.5,11.7,164,80.7,16,105,17,4.12,4.28,,,26.2
Brandon Weeden,2014,DAL,31,QB,5,1,0,1,0,24,41,58.5,303,3,7.3,2,4.9,16,43,7.4,6.7,12.6,60.6,85.7,1,9,2.4,7,6.29,,,7.2
Jimmy Clausen,2014,CHI,27,QB,4,1,0,1,0,26,48,54.2,223,2,4.2,1,2.1,13,22,4.6,4.5,8.6,55.8,71.8,3,20,5.9,3.98,3.88,,,44.1
Christian Ponder,2014,MIN,26,QB,2,1,0,1,0,22,44,50,222,0,0,2,4.5,13,18,5,3,10.1,111,45.8,6,34,12,3.76,1.96,,,7
Johnny Manziel,2014,CLE,22,QB,5,2,0,2,0,18,35,51.4,175,0,0,2,5.7,6,32,5,2.4,9.7,35,42,3,26,7.9,3.92,1.55,,,7.3
Tom Savage,2014,HOU,24,QB,2,0,0,0,0,10,19,52.6,127,0,0,1,5.3,6,35,6.7,4.3,12.7,63.5,51.9,1,5,5,6.1,3.85,,,18.4
Logan Thomas,2014,ARI,23,QB,2,0,0,0,0,1,9,11.1,81,1,11.1,0,0,1,81,9,11.2,81,40.5,101.6,2,11,18.2,6.36,8.18,,,6.8
Jason Campbell,2014,CIN,33,QB,4,0,0,0,0,11,19,57.9,74,0,0,0,0,3,38,3.9,3.9,6.7,18.5,66.6,1,0,5,3.7,3.7,,,8.5
Matt Flynn,2014,GNB,29,QB,7,0,0,0,0,8,16,50,66,0,0,1,6.3,3,14,4.1,1.3,8.3,9.4,34.9,2,12,11.1,3,0.5,,,5.3
T.J. Yates,2014,ATL,27,QB,1,0,0,0,0,3,4,75,64,0,0,1,25,3,40,16,4.8,21.3,64,77.1,0,0,0,16,4.75,,,82.5
Matt Schaub,2014,OAK,33,QB,11,0,0,0,0,5,10,50,57,0,0,2,20,4,16,5.7,-3.3,11.4,5.2,27.9,3,24,23.1,2.54,-4.38,,,0
Kellen Clemens,2014,SDG,31,QB,2,0,0,0,0,1,3,33.3,10,0,0,0,0,1,10,3.3,3.3,10,5,43.7,1,9,25,0.25,0.25,,,1.7
Tarvaris Jackson,2014,SEA,31,QB,1,0,0,0,0,1,1,100,0,0,0,0,0,0,0,0,0,0,0,79.2,0,0,0,0,0,,,42.4
Zach Mettenberger,2015,TEN,24,QB,7,4,0,4,0,101,166,60.8,935,4,2.4,7,4.2,46,57,5.6,4.2,9.3,133.6,66.7,13,98,7.3,4.68,3.36,,,20.3
Jimmy Clausen,2015,2TM,28,QB,4,3,0,3,0,72,125,57.6,739,2,1.6,4,3.2,0,48,5.9,4.8,10.3,184.8,66.7,7,38,5.3,5.31,4.25,,,
Mark Sanchez,2015,PHI,29,QB,4,2,0,2,0,59,91,64.8,616,4,4.4,4,4.4,30,43,6.8,5.7,10.4,154,80.7,9,54,9,5.62,4.62,,,28.1
Luke McCown,2015,NOR,34,QB,8,1,0,1,0,32,39,82.1,335,0,0,1,2.6,19,25,8.6,7.4,10.5,41.9,91.8,1,0,2.5,8.38,7.25,,,92.4
Geno Smith,2015,NYJ,25,QB,1,0,0,0,0,27,42,64.3,265,2,4.8,1,2.4,14,28,6.3,6.2,9.8,265,87.9,3,19,6.7,5.47,5.36,,,56.9
Dan Orlovsky,2015,DET,32,QB,2,0,0,0,0,22,40,55,201,1,2.5,1,2.5,13,23,5,4.4,9.1,100.5,66.8,0,0,0,5.03,4.4,,,61.6
Charlie Whitehurst,2015,2TM,33,QB,5,0,0,0,0,16,32,50,150,0,0,1,3.1,0,33,4.7,3.3,9.4,30,50.3,5,28,13.5,3.3,2.08,,,
Colt McCoy,2015,WAS,29,QB,2,0,0,0,0,7,11,63.6,128,1,9.1,0,0,4,71,11.6,13.5,18.3,64,133.9,1,13,8.3,9.58,11.25,,,42.5
Drew Stanton,2015,ARI,31,QB,7,0,0,0,0,11,25,44,104,0,0,2,8,6,21,4.2,0.6,9.5,14.9,22.7,2,8,7.4,3.56,0.22,,,10.4
Kellen Clemens,2015,SDG,32,QB,2,0,0,0,0,5,6,83.3,63,1,16.7,0,0,4,19,10.5,13.8,12.6,31.5,150,0,0,0,10.5,13.83,,,100
Ryan Lindley,2015,IND,26,QB,1,0,0,0,0,6,10,60,58,1,10,0,0,4,18,5.8,7.8,9.7,58,109.6,0,0,0,5.8,7.8,,,93.4
Tarvaris Jackson,2015,SEA,32,QB,4,0,0,0,0,4,6,66.7,37,0,0,0,0,3,17,6.2,6.2,9.3,9.3,83.3,1,6,14.3,4.43,4.43,,,74.5
Derek Anderson,2015,CAR,32,QB,3,0,0,0,0,4,6,66.7,36,0,0,0,0,2,24,6,6,9,12,82.6,0,0,0,6,6,,,5.9
Sean Mannion,2015,STL,23,QB,1,0,0,0,0,6,7,85.7,31,0,0,0,0,2,11,4.4,4.4,5.2,31,85.1,0,0,0,4.43,4.43,,,81
Josh McCown,2016,CLE,37,QB,5,3,0,3,0,90,165,54.5,1100,6,3.6,6,3.6,56,54,6.7,5.8,12.2,220,72.3,18,126,9.8,5.32,4.5,,,30.8
Derek Anderson,2016,CAR,33,QB,5,2,0,2,0,36,53,67.9,453,2,3.8,5,9.4,22,48,8.5,5.1,12.6,90.6,67.6,0,0,0,8.55,5.06,,,14.4
Charlie Whitehurst,2016,CLE,34,QB,1,0,0,0,0,14,24,58.3,182,1,4.2,1,4.2,8,31,7.6,6.5,13,182,78.8,2,14,7.7,6.46,5.5,,,32.5
Mark Sanchez,2016,DAL,30,QB,2,0,0,0,0,10,18,55.6,93,0,0,2,11.1,5,33,5.2,0.2,9.3,46.5,30.3,3,25,14.3,3.24,-1.05,,,4.2
Mike Glennon,2016,TAM,27,QB,2,0,0,0,0,10,11,90.9,75,1,9.1,0,0,6,13,6.8,8.6,7.5,37.5,125.4,0,0,0,6.82,8.64,,,96.3
Ryan Mallett,2016,BAL,28,QB,4,0,0,0,0,3,6,50,26,0,0,1,16.7,1,12,4.3,-3.2,8.7,6.5,22.2,0,0,0,4.33,-3.17,,,3.7
Sean Mannion,2016,LAR,24,QB,1,0,0,0,0,3,6,50,19,0,0,1,16.7,1,9,3.2,-4.3,6.3,19,17.4,0,0,0,3.17,-4.33,,,0.3
Brett Hundley,2016,GNB,23,QB,4,0,0,0,0,2,10,20,17,0,0,1,10,0,9,1.7,-2.8,8.5,4.3,0,0,0,0,1.7,-2.8,,,5
Matt Schaub,2016,ATL,35,QB,4,0,0,0,0,1,3,33.3,16,0,0,0,0,1,16,5.3,5.3,16,4,52.1,0,0,0,5.33,5.33,,,15.1
Kellen Clemens,2016,SDG,33,QB,12,0,0,0,0,0,1,0,0,0,0,0,0,0,0,0,0,,0,39.6,0,0,0,0,0,,,0.1
Bryce Petty,2017,NYJ,26,QB,4,3,0,3,0,55,112,49.1,544,1,0.9,3,2.7,25,46,4.9,3.8,9.9,136,55.1,8,55,6.7,4.08,3.12,,,29.7
T.J. Yates,2017,HOU,30,QB,4,3,0,3,0,47,97,48.5,523,4,4.1,3,3.1,27,40,5.4,4.8,11.1,130.8,65.8,13,75,11.8,4.07,3.57,,,32.8
Geno Smith,2017,NYG,27,QB,2,1,0,1,0,21,36,58.3,212,1,2.8,0,0,8,47,5.9,6.4,10.1,106,84.5,3,12,7.7,5.13,5.64,,,38
Sean Mannion,2017,LAR,25,QB,5,1,0,1,0,22,37,59.5,185,0,0,0,0,8,50,5,5,8.4,37,72.5,3,20,7.5,4.13,4.13,,,16.4
Matt Cassel,2017,TEN,35,QB,2,1,0,1,0,25,42,59.5,162,1,2.4,2,4.8,10,17,3.9,2.2,6.5,81,55.9,8,30,16,2.64,1.24,,,13.7
A.J. McCarron,2017,CIN,27,QB,3,0,0,0,0,7,14,50,66,0,0,0,0,4,27,4.7,4.7,9.4,22,63.4,1,9,6.7,3.8,3.8,,,24
Ryan Mallett,2017,BAL,29,QB,2,0,0,0,0,9,16,56.3,56,2,12.5,0,0,5,12,3.5,6,6.2,28,103.1,0,0,0,3.5,6,,,77.1
Kellen Clemens,2017,LAC,34,QB,8,0,0,0,0,6,8,75,36,0,0,1,12.5,4,10,4.5,-1.1,6,4.5,43.7,0,0,0,4.5,-1.13,,,55.2
Derek Anderson,2017,CAR,34,QB,3,0,0,0,0,2,8,25,17,0,0,0,0,1,9,2.1,2.1,8.5,5.7,39.6,0,0,0,2.13,2.13,,,0.2
Chad Henne,2017,JAX,32,QB,2,0,0,0,0,0,2,0,0,0,0,0,0,0,0,0,0,,0,39.6,0,0,0,0,0,,,3.6
Josh McCown,2018,NYJ,39,QB,4,3,0,3,0,60,110,54.5,539,1,0.9,4,3.6,27,41,4.9,3.4,9,134.8,55.8,7,35,6,4.31,2.94,,,33.8
Derek Anderson,2018,BUF,35,QB,2,2,0,2,0,42,70,60,465,0,0,4,5.7,22,40,6.6,4.1,11.1,232.5,56,5,33,6.7,5.76,3.36,,,26.6
Sam Bradford,2018,ARI,31,QB,3,3,0,3,0,50,80,62.5,400,2,2.5,4,5,16,35,5,3.3,8,133.3,62.5,6,33,7,4.27,2.64,,,27.9
Colt McCoy,2018,WAS,32,QB,3,2,0,2,0,34,54,63,372,3,5.6,3,5.6,17,53,6.9,5.5,10.9,124,78.6,6,36,10,5.6,4.35,,,38.8
Mike Glennon,2018,ARI,29,QB,2,0,0,0,0,15,21,71.4,174,1,4.8,0,0,8,26,8.3,9.2,11.6,87,112,1,8,4.5,7.55,8.45,,,75
Mark Sanchez,2018,WAS,32,QB,2,1,0,1,0,19,35,54.3,138,0,0,3,8.6,3,20,3.9,0.1,7.3,69,28,7,42,16.7,2.29,-0.93,,,4.5
Matt Cassel,2018,DET,36,QB,2,0,0,0,0,7,17,41.2,59,0,0,1,5.9,2,11,3.5,0.8,8.4,29.5,26.3,1,13,5.6,2.56,0.06,,,9.6
Chad Henne,2018,KAN,33,QB,1,0,0,0,0,2,3,66.7,29,0,0,0,0,2,22,9.7,9.7,14.5,29,97.9,0,0,0,9.67,9.67,,,69.6
Sean Mannion,2018,LAR,26,QB,3,0,0,0,0,2,3,66.7,23,0,0,0,0,1,18,7.7,7.7,11.5,7.7,89.6,0,0,0,7.67,7.67,,,5.8
Matt Schaub,2018,ATL,37,QB,3,0,0,0,0,5,7,71.4,20,0,0,0,0,1,9,2.9,2.9,4,6.7,74.1,0,0,0,2.86,2.86,,,63.2
Logan Thomas,2018,BUF,27,QB,12,3,0,0,0,1,1,100,15,0,0,0,0,1,15,15,15,15,1.3,118.7,0,0,0,15,15,,,
A.J. McCarron,2018,OAK,28,QB,2,0,0,0,0,1,3,33.3,8,0,0,0,0,0,8,2.7,2.7,8,4,42.4,1,7,25,0.25,0.25,,,0.4
Geno Smith,2018,LAC,28,QB,5,0,0,0,0,1,4,25,8,0,0,0,0,0,8,2,2,8,1.6,39.6,1,16,20,-1.6,-1.6,,,0.7
Matt Schaub,2019,ATL,38,QB,6,1,0,1,0,50,67,74.6,580,3,4.5,1,1.5,30,35,8.7,8.9,11.6,96.7,109,2,19,2.9,8.13,8.35,,,80.2
Ben Roethlisberger,2019,PIT,37,QB,2,2,0,2,0,35,62,56.5,351,0,0,1,1.6,14,45,5.7,4.9,10,175.5,66,2,7,3.1,5.38,4.67,,,28.8
A.J. McCarron,2019,HOU,29,QB,2,1,0,1,0,21,37,56.8,225,0,0,1,2.7,11,21,6.1,4.9,10.7,112.5,63.5,5,43,11.9,4.33,3.26,,,27.1
Sean Mannion,2019,MIN,27,QB,3,1,0,1,0,12,21,57.1,126,0,0,2,9.5,6,35,6,1.7,10.5,42,35.1,0,0,0,6,1.71,,,26.4
Colt McCoy,2019,WAS,33,QB,1,1,0,1,0,18,27,66.7,122,0,0,1,3.7,5,22,4.5,2.9,6.8,122,61,6,44,18.2,2.36,1,,,14.9
Mike Glennon,2019,OAK,30,QB,2,0,0,0,0,6,10,60,56,1,10,0,0,3,19,5.6,7.6,9.3,28,108.7,0,0,0,5.6,7.6,,,25.2
Brett Hundley,2019,ARI,26,QB,3,0,0,0,0,5,11,45.5,49,0,0,0,0,2,28,4.5,4.5,9.8,16.3,58.5,2,11,15.4,2.92,2.92,,,80.6
Tyrod Taylor,2019,LAC,30,QB,8,0,0,0,0,4,6,66.7,33,1,16.7,0,0,3,14,5.5,8.8,8.3,4.1,120.1,0,0,0,5.5,8.83,,,3.3
Josh McCown,2019,PHI,40,QB,3,0,0,0,0,3,5,60,24,0,0,0,0,2,13,4.8,4.8,8,8,72.1,0,0,0,4.8,4.8,,,54.3
Blake Bortles,2019,LAR,27,QB,3,0,0,0,0,1,2,50,3,0,0,0,0,0,3,1.5,1.5,3,1,56.2,0,0,0,1.5,1.5,,,0.1
Trevor Siemian,2019,NYJ,28,QB,1,1,0,1,0,3,6,50,3,0,0,0,0,0,3,0.5,0.5,1,3,56.2,2,17,25,-1.75,-1.75,,,1.2
Mike Glennon,2020,JAX,31,QB,5,5,0,5,0,111,179,62,1072,7,3.9,5,2.8,57,46,6,5.5,9.7,214.4,80.1,9,53,4.8,5.42,4.97,,,29.8
Joe Flacco,2020,NYJ,35,QB,5,4,0,4,0,74,134,55.2,864,6,4.5,3,2.2,36,52,6.4,6.3,11.7,172.8,80.6,7,69,5,5.64,5.53,,,50.3
Chad Henne,2020,KAN,35,QB,3,1,0,1,0,28,38,73.7,248,2,5.3,0,0,15,37,6.5,7.6,8.9,82.7,108.2,2,4,5,6.1,7.1,,,26.3
Jameis Winston,2020,NOR,26,QB,4,0,0,0,0,7,11,63.6,75,0,0,0,0,5,19,6.8,6.8,10.7,18.8,83.5,2,11,15.4,4.92,4.92,,,12
Geno Smith,2020,SEA,30,QB,1,0,0,0,0,4,5,80,33,0,0,0,0,3,14,6.6,6.6,8.3,33,94.2,1,3,16.7,5,5,,,3.9
Logan Thomas,2020,WAS,29,QB,16,15,0,0,0,1,1,100,28,0,0,0,0,1,28,28,28,28,1.8,118.7,0,0,0,28,28,,,40.1
A.J. McCarron,2020,HOU,30,QB,2,0,0,0,0,1,1,100,20,0,0,0,0,1,20,20,20,20,10,118.7,1,12,50,4,4,,,0
Chris Weinke,2001,CAR,29,QB,15,15,1,14,0,293,540,54.3,2931,11,2,19,3.5,138,48,5.4,4.3,10,195.4,62,26,177,4.6,4.87,3.74,,,
Michael Vick,2001,ATL,21,QB,8,2,1,1,0,50,113,44.2,785,2,1.8,3,2.7,34,52,6.9,6.1,15.7,98.1,62.7,21,113,15.7,5.01,4.31,,,
Mike McMahon,2001,DET,22,QB,8,3,1,2,0,53,115,46.1,671,3,2.6,1,0.9,33,69,5.8,6,12.7,83.9,69.9,21,122,15.4,4.04,4.15,1,1,
Josh McCown,2003,ARI,24,QB,8,3,1,2,0,95,166,57.2,1018,5,3,6,3.6,51,60,6.1,5.1,10.7,127.3,70.3,25,174,13.1,4.42,3.53,1,1,
Tim Rattay,2004,SFO,27,QB,9,9,1,8,0,198,325,60.9,2169,10,3.1,10,3.1,109,65,6.7,5.9,11,241,78.1,37,211,10.2,5.41,4.72,1,1,
Ken Dorsey,2004,SFO,23,QB,8,7,1,6,0,123,226,54.4,1231,6,2.7,9,4,60,59,5.4,4.2,10,153.9,62.4,13,94,5.4,4.76,3.56,0,1,
Eli Manning,2004,NYG,23,QB,9,7,1,6,0,95,197,48.2,1043,6,3,9,4.6,50,52,5.3,3.8,11,115.9,55.4,13,83,6.2,4.57,3.21,1,1,
Rex Grossman,2004,CHI,24,QB,3,3,1,2,0,47,84,56,607,1,1.2,3,3.6,29,40,7.2,5.9,12.9,202.3,67.9,5,22,5.6,6.57,5.28,,,
Chris Simms,2004,TAM,24,QB,5,2,1,1,0,42,73,57.5,467,1,1.4,3,4.1,21,75,6.4,4.8,11.1,93.4,64.1,10,75,12,4.72,3.34,,,
David Garrard,2004,JAX,26,QB,4,2,1,1,0,38,72,52.8,374,2,2.8,1,1.4,21,36,5.2,5.1,9.8,93.5,71.2,6,35,7.7,4.35,4.28,0,1,
Drew Henson,2004,DAL,24,QB,7,1,1,0,0,10,18,55.6,78,1,5.6,1,5.6,7,16,4.3,2.9,7.8,11.1,61.8,2,26,10,2.6,1.35,,,
J.P. Losman,2005,BUF,24,QB,9,8,1,7,0,113,228,49.6,1340,8,3.5,8,3.5,55,58,5.9,5,11.9,148.9,64.9,26,197,10.2,4.5,3.71,,,
Tim Rattay,2005,SFO,28,QB,4,4,1,3,0,56,97,57.7,667,5,5.2,6,6.2,32,89,6.9,5.1,11.9,166.8,70.3,10,63,9.3,5.64,4.06,,,
Chad Pennington,2005,NYJ,29,QB,3,3,1,2,0,49,83,59,530,2,2.4,3,3.6,30,37,6.4,5.2,10.8,176.7,70.9,9,52,9.8,5.2,4.16,,,
Ken Dorsey,2005,SFO,24,QB,3,3,1,2,0,48,90,53.3,481,2,2.2,2,2.2,22,44,5.3,4.8,10,160.3,66.9,6,28,6.3,4.72,4.2,,,
Patrick Ramsey,2005,WAS,26,QB,4,1,1,0,0,15,25,60,279,1,4,1,4,12,72,11.2,10.2,18.6,69.8,95.2,4,27,13.8,8.69,7.83,,,
Rex Grossman,2005,CHI,25,QB,2,1,1,0,0,20,39,51.3,259,1,2.6,2,5.1,14,54,6.6,4.8,13,129.5,59.7,1,9,2.5,6.25,4.5,,,
Tim Rattay,2006,TAM,29,QB,4,2,1,1,0,61,101,60.4,748,4,4,2,2,25,64,7.4,7.3,12.3,187,88.2,4,18,3.8,6.95,6.86,,,65.2
Chris Weinke,2006,CAR,34,QB,3,3,1,2,0,56,96,58.3,625,2,2.1,4,4.2,26,38,6.5,5.1,11.2,208.3,67.4,10,55,9.4,5.38,4.06,,,22.5
Chad Pennington,2007,NYJ,31,qb,9,8,1,7,0,179,260,68.8,1765,10,3.8,9,3.5,89,57,6.8,6,9.9,196.1,86.1,45.4,26,178,9.1,5.55,4.83,,
Chris Redman,2007,ATL,30,,7,4,1,3,0,89,149,59.7,1079,10,6.7,5,3.4,48,74,7.2,7.1,12.1,154.1,90.4,46.2,9,51,5.7,6.51,6.35,1,1
Luke McCown,2007,TAM,26,,5,3,1,2,0,94,139,67.6,1009,5,3.6,3,2.2,44,60,7.3,7,10.7,201.8,91.7,50.7,15,104,9.7,5.88,5.65,1,1
David Carr,2007,CAR,28,,6,4,1,3,0,73,136,53.7,635,3,2.2,5,3.7,32,38,4.7,3.5,8.7,105.8,58.3,20,13,74,8.7,3.77,2.66,1,1
Troy Smith,2007,BAL,23,,4,2,1,1,0,40,76,52.6,452,2,2.6,0,0,24,79,5.9,6.5,11.3,113,79.5,56.1,4,29,5,5.29,5.79,,
Tyler Thigpen,2008,KAN,24,QB,14,11,1,10,0,230,420,54.8,2608,18,4.3,12,2.9,127,75,6.2,5.8,11.3,186.3,76,26,162,5.8,5.48,5.08,0,1,50.7
Brady Quinn,2008,CLE,24,QB,3,3,1,2,0,45,89,50.6,518,2,2.2,2,2.2,24,42,5.8,5.3,11.5,172.7,66.6,1,9,1.1,5.66,5.1,1,1,40.5
Vince Young,2008,TEN,25,QB,3,1,1,0,0,22,36,61.1,219,1,2.8,2,5.6,9,54,6.1,4.1,10,73,64.5,3,13,7.7,5.28,3.49,,,5.3
Tom Brady,2008,NWE,31,QB,1,1,1,0,0,7,11,63.6,76,0,0,0,0,3,26,6.9,6.9,10.9,76,83.9,0,0,0,6.91,6.91,,,59.5
Marc Bulger,2009,STL,32,QB,9,8,1,7,0,140,247,56.7,1469,5,2,6,2.4,77,50,5.9,5.3,10.5,163.2,70.7,14,85,5.4,5.3,4.65,0,1,30.7
Kevin Kolb,2009,PHI,25,QB,5,2,1,1,0,62,96,64.6,741,4,4.2,3,3.1,31,71,7.7,7.1,12,148.2,88.9,3,27,3,7.21,6.66,,,62.2
Charlie Frye,2009,OAK,28,QB,3,3,1,2,0,53,87,60.9,581,1,1.1,4,4.6,28,33,6.7,4.8,11,193.7,65.3,5,40,5.4,5.88,4.14,,,43.5
Kellen Clemens,2009,NYJ,26,QB,10,1,1,0,0,13,26,50,125,0,0,0,0,7,26,4.8,4.8,9.6,12.5,63.8,4,21,13.3,3.47,3.47,,,10.6
Jimmy Clausen,2010,CAR,23,QB,13,10,1,9,0,157,299,52.5,1558,3,1,9,3,73,55,5.2,4.1,9.9,119.8,58.4,33,223,9.9,4.02,2.98,,,13.8
Bruce Gradkowski,2010,OAK,27,QB,6,4,1,3,0,83,157,52.9,1059,5,3.2,7,4.5,51,70,6.7,5.4,12.8,176.5,66.3,10,77,6,5.88,4.59,,,26.3
Rex Grossman,2010,WAS,30,QB,4,3,1,2,0,74,133,55.6,884,7,5.3,4,3,42,64,6.6,6.3,11.9,221,81.2,9,77,6.3,5.68,5.4,0,1,33
Seneca Wallace,2010,CLE,30,QB,8,4,1,3,0,64,101,63.4,694,4,4,2,2,35,65,6.9,6.8,10.8,86.8,88.5,6,33,5.6,6.18,6.08,,,48.9
Tim Tebow,2010,DEN,23,QB,9,3,1,2,0,41,82,50,654,5,6.1,3,3.7,31,50,8,7.5,16,72.7,82.1,6,26,6.8,7.14,6.74,1,1,56
Matthew Stafford,2010,DET,22,QB,3,3,1,2,0,57,96,59.4,535,6,6.3,1,1,28,36,5.6,6.4,9.4,178.3,91.3,4,36,4,4.99,5.74,1,1,50.1
Charlie Whitehurst,2010,SEA,28,QB,6,2,1,1,0,57,99,57.6,507,2,2,3,3,22,61,5.1,4.2,8.9,84.5,65.5,5,13,4.8,4.75,3.84,,,21.5
Chad Pennington,2010,MIA,34,QB,1,1,1,0,0,1,2,50,19,0,0,0,0,1,19,9.5,9.5,19,19,83.3,0,0,0,9.5,9.5,,,94.1
Sam Bradford,2011,STL,24,QB,10,10,1,9,0,191,357,53.5,2164,6,1.7,6,1.7,104,68,6.1,5.6,11.3,216.4,70.5,36,248,9.2,4.88,4.49,1,1,31.4
Vince Young,2011,PHI,28,QB,6,3,1,2,0,66,114,57.9,866,4,3.5,9,7.9,39,58,7.6,4.7,13.1,144.3,60.8,8,34,6.6,6.82,4.16,0,1,40.3
A.J. Feeley,2011,STL,34,QB,5,3,1,2,0,53,97,54.6,548,1,1,2,2.1,27,34,5.6,4.9,10.3,109.6,66,10,72,9.3,4.45,3.79,,,27.8
Matt Flynn,2011,GNB,26,QB,5,1,1,0,0,33,49,67.3,518,6,12.2,2,4.1,22,80,10.6,11.2,15.7,103.6,124.8,5,18,9.3,9.26,9.81,1,1,83.5
Josh McCown,2011,CHI,32,QB,3,2,1,1,0,35,55,63.6,414,2,3.6,4,7.3,18,49,7.5,5,11.8,138,68.3,7,43,11.3,5.98,3.73,,,32.7
Luke McCown,2011,JAX,30,QB,4,2,1,1,0,30,56,53.6,296,0,0,4,7.1,13,26,5.3,2.1,9.9,74,39,4,38,6.7,4.3,1.3,,,22.9
Matt Leinart,2011,HOU,28,QB,2,1,1,0,0,10,13,76.9,57,1,7.7,0,0,1,20,4.4,5.9,5.7,28.5,110.1,0,0,0,4.38,5.92,,,40.5
Chad Henne,2012,JAX,27,QB,10,6,1,5,0,166,308,53.9,2084,11,3.6,11,3.6,86,81,6.8,5.9,12.6,208.4,72.2,28,169,8.3,5.7,4.88,,,27.7
Matt Cassel,2012,KAN,30,QB,9,8,1,7,0,161,277,58.1,1796,6,2.2,12,4.3,97,46,6.5,5,11.2,199.6,66.7,19,101,6.4,5.73,4.31,1,1,26.3
Brady Quinn,2012,KAN,28,QB,10,8,1,7,0,112,197,56.9,1141,2,1,8,4.1,49,57,5.8,4.2,10.2,114.1,60.1,21,123,9.6,4.67,3.2,,,26
John Skelton,2012,ARI,24,QB,7,6,1,5,0,109,201,54.2,1132,2,1,9,4.5,55,40,5.6,3.8,10.4,161.7,55.4,15,98,6.9,4.79,3.1,1,1,18.3
Ryan Lindley,2012,ARI,23,QB,6,4,1,3,0,89,171,52,752,0,0,7,4.1,39,28,4.4,2.6,8.4,125.3,46.7,12,91,6.6,3.61,1.89,,,9.2
Jason Campbell,2013,CLE,32,QB,9,8,1,7,0,180,317,56.8,2015,11,3.5,8,2.5,86,80,6.4,5.9,11.2,223.9,76.9,16,104,4.8,5.74,5.32,,,43.3
Josh McCown,2014,TAM,35,QB,11,11,1,10,0,184,327,56.3,2206,11,3.4,14,4.3,100,56,6.7,5.5,12,200.5,70.5,36,235,9.9,5.43,4.3,,,38
Mike Glennon,2014,TAM,25,QB,6,5,1,4,0,117,203,57.6,1417,10,4.9,6,3,64,41,7,6.6,12.1,236.2,83.3,16,91,7.3,6.05,5.74,1,1,51.5
Charlie Whitehurst,2014,TEN,32,QB,7,5,1,4,0,105,185,56.8,1326,7,3.8,2,1.1,55,75,7.2,7.4,12.6,189.4,87.4,18,103,8.9,6.02,6.27,,,41.7
Colt McCoy,2014,WAS,28,QB,5,4,1,3,0,91,128,71.1,1057,4,3.1,3,2.3,44,70,8.3,7.8,11.6,211.4,96.4,17,117,11.7,6.48,6.1,1,2,36.4
Michael Vick,2014,NYJ,34,QB,10,3,1,2,0,64,121,52.9,604,3,2.5,2,1.7,33,67,5,4.7,9.4,60.4,68.3,19,85,13.6,3.71,3.49,,,21.4
Matt Cassel,2014,MIN,32,QB,3,3,1,2,0,41,71,57.7,425,3,4.2,4,5.6,21,28,6,4.3,10.4,141.7,65.8,6,39,7.8,5.01,3.45,,,47.4
Ryan Mallett,2014,HOU,26,QB,3,2,1,1,0,41,75,54.7,400,2,2.7,2,2.7,23,41,5.3,4.7,9.8,133.3,67.6,1,5,1.3,5.2,4.54,,,47.3
Josh McCown,2015,CLE,36,QB,8,8,1,7,0,186,292,63.7,2109,12,4.1,4,1.4,96,56,7.2,7.4,11.3,263.6,93.3,23,137,7.3,6.26,6.45,1,1,52.9
Brandon Weeden,2015,2TM,32,QB,6,4,1,3,0,97,140,69.3,1043,5,3.6,2,1.4,0,67,7.5,7.5,10.8,173.8,96.8,10,77,6.7,6.44,6.51,1,1,
Matt Schaub,2015,BAL,34,QB,2,2,1,1,0,52,80,65,540,3,3.8,4,5,28,48,6.8,5.3,10.4,270,76,3,27,3.6,6.18,4.73,0,0,40.8
Josh Freeman,2015,IND,27,QB,1,1,1,0,0,15,28,53.6,149,1,3.6,1,3.6,7,57,5.3,4.4,9.9,149,65.9,1,7,3.4,4.9,4.03,,,51.8
Jay Cutler,2016,CHI,33,QB,5,5,1,4,0,81,137,59.1,1059,4,2.9,5,3.6,45,54,7.7,6.7,13.1,211.8,78.1,17,104,11,6.2,5.26,,,28.1
Bryce Petty,2016,NYJ,25,QB,6,4,1,3,0,75,133,56.4,809,3,2.3,7,5.3,35,52,6.1,4.2,10.8,134.8,60,13,79,8.9,5,3.25,1,1,15.9
Tom Savage,2016,HOU,26,QB,3,2,1,1,0,46,73,63,461,0,0,0,0,20,32,6.3,6.3,10,153.7,80.9,5,36,6.4,5.45,5.45,2,2,57.2
Matt Cassel,2016,TEN,34,QB,4,1,1,0,0,30,51,58.8,284,2,3.9,2,3.9,16,50,5.6,4.6,9.5,71,71,5,23,8.9,4.66,3.77,,,66.6
Drew Stanton,2016,ARI,32,QB,5,1,1,0,0,19,48,39.6,192,2,4.2,3,6.3,11,29,4,2,10.1,38.4,39.6,1,8,2,3.76,1.82,,,22
Geno Smith,2016,NYJ,26,QB,2,1,1,0,0,8,14,57.1,126,1,7.1,1,7.1,3,69,9,7.2,15.8,63,81.2,3,19,17.6,6.29,4.82,,,26.2
Tom Savage,2017,HOU,27,QB,8,7,1,6,0,125,223,56.1,1412,5,2.2,6,2.7,70,57,6.3,5.6,11.3,176.5,71.4,21,159,8.6,5.14,4.44,1,1,41.7
Mike Glennon,2017,CHI,28,QB,4,4,1,3,0,93,140,66.4,833,4,2.9,5,3.6,42,29,6,4.9,9,208.3,76.9,8,78,5.4,5.1,4.12,0,1,24.6
Josh Johnson,2018,WAS,32,QB,4,3,1,2,0,52,91,57.1,590,3,3.3,4,4.4,29,79,6.5,5.2,11.3,147.5,69.4,9,67,9,5.23,4.03,1,1,47.4
Tyrod Taylor,2018,CLE,29,QB,4,3,1,1,1,42,85,49.4,473,2,2.4,2,2.4,17,47,5.6,5,11.3,118.3,64.5,13,81,13.3,4,3.49,1,0,27
Eli Manning,2019,NYG,38,QB,4,4,1,3,0,91,147,61.9,1042,6,4.1,5,3.4,47,55,7.1,6.4,11.5,260.5,82.6,5,44,3.3,6.57,5.88,,,36.2
Colt McCoy,2020,NYG,34,QB,4,2,1,1,0,40,66,60.6,375,1,1.5,1,1.5,19,35,5.7,5.3,9.4,93.8,75,5,24,7,4.94,4.59,,,29.7
Tyrod Taylor,2020,LAC,31,QB,2,1,1,0,0,16,30,53.3,208,0,0,0,0,10,37,6.9,6.9,13,104,75.4,2,1,6.3,6.47,6.47,1,1,16.6
Marc Bulger,2007,STL,30,QB,12,12,2,10,0,221,378,58.5,2392,11,2.9,15,4,130,40,6.3,5.1,10.8,199.3,70.3,42.4,37,269,8.9,5.12,4.02,,
Kyle Boller,2007,BAL,26,QB,12,8,2,6,0,168,275,61.1,1743,9,3.3,10,3.6,89,53,6.3,5.4,10.4,145.3,75.2,47.4,24,159,8,5.3,4.39,0,1
Rex Grossman,2007,CHI,27,QB,8,7,2,5,0,122,225,54.2,1411,4,1.8,7,3.1,67,59,6.3,5.2,11.6,176.4,66.4,27.8,25,198,10,4.85,3.91,2,2
J.P. Losman,2007,BUF,26,qb,8,7,2,5,0,111,175,63.4,1204,4,2.3,6,3.4,57,85,6.9,5.8,10.8,150.5,76.9,33.1,14,103,7.4,5.83,4.82,2,3
Josh McCown,2007,OAK,28,QB,9,9,2,7,0,111,190,58.4,1151,10,5.3,11,5.8,56,46,6.1,4.5,10.4,127.9,69.4,29.7,14,92,6.9,5.19,3.75,,
Alex Smith,2007,SFO,23,QB,7,7,2,5,0,94,193,48.7,914,2,1,4,2.1,48,45,4.7,4,9.7,130.6,57.2,18.2,17,121,8.1,3.78,3.11,2,2
Kyle Orton,2007,CHI,25,,3,3,2,1,0,43,80,53.8,478,3,3.8,2,2.5,20,55,6,5.6,11.1,159.3,73.9,28.2,2,12,2.4,5.68,5.32,,
Christian Ponder,2013,MIN,25,QB,9,9,2,6,1,152,239,63.6,1648,7,2.9,9,3.8,83,47,6.9,5.8,10.8,183.1,77.9,27,119,10.2,5.75,4.75,1,0,42.2
Derek Anderson,2014,CAR,31,QB,6,2,2,0,0,65,97,67,701,5,5.2,0,0,44,35,7.2,8.3,10.8,116.8,105.2,4,17,4,6.77,7.76,,,76.6
T.J. Yates,2015,HOU,28,QB,4,2,2,0,0,28,57,49.1,370,3,5.3,1,1.8,19,61,6.5,6.8,13.2,92.5,80.3,5,33,8.1,5.44,5.68,1,1,50.1
Sam Bradford,2017,MIN,30,QB,2,2,2,0,0,32,43,74.4,382,3,7,0,0,17,44,8.9,10.3,11.9,191,124.4,5,40,10.4,7.13,8.38,,,75.3
Joey Harrington,2007,ATL,29,QB,12,10,3,7,0,215,348,61.8,2215,7,2,8,2.3,101,69,6.4,5.7,10.3,184.6,77.2,43.3,32,192,8.4,5.32,4.74,0,1
Kellen Clemens,2007,NYJ,24,QB,10,8,3,5,0,130,250,52,1529,5,2,10,4,82,56,6.1,4.7,11.8,152.9,60.9,31.5,27,138,9.7,5.02,3.76,1,2
Matt Leinart,2007,ARI,24,qb,5,5,3,2,0,60,112,53.6,647,2,1.8,4,3.6,33,40,5.8,4.5,10.8,129.4,61.9,34.6,4,23,3.4,5.38,4.17,1,1
Matthew Stafford,2019,DET,31,QB,8,8,3,4,1,187,291,64.3,2499,19,6.5,5,1.7,117,66,8.6,9.1,13.4,312.4,106,18,137,5.8,7.64,8.15,2,1,71.3
Matt Schaub,2007,HOU,26,QB,11,11,4,7,0,192,289,66.4,2241,9,3.1,9,3.1,97,77,7.8,7,11.7,203.7,87.2,62.6,16,126,5.2,6.93,6.2,1,1
Sage Rosenfels,2007,HOU,29,qb,9,5,4,1,0,154,240,64.2,1684,15,6.3,12,5,93,53,7,6,10.9,187.1,84.8,75.6,6,48,2.4,6.65,5.67,,
Ryan Fitzpatrick,2008,CIN,26,QB,13,12,4,7,1,221,372,59.4,1905,8,2.2,9,2.4,99,79,5.1,4.5,8.6,146.5,70,38,193,9.3,4.18,3.58,,,52.5
Trent Edwards,2007,BUF,24,QB,10,9,5,4,0,151,269,56.1,1630,7,2.6,8,3,82,70,6.1,5.2,10.8,163,70.4,36.3,12,105,4.3,5.43,4.64,1,2
Jason Campbell,2007,WAS,26,QB,13,13,6,7,0,250,417,60,2700,12,2.9,11,2.6,148,54,6.5,5.9,10.8,207.7,77.6,59.8,21,110,4.8,5.91,5.33,1,2
Alex Smith,2012,SFO,28,QB,10,9,6,2,1,153,218,70.2,1737,13,6,5,2.3,87,55,8,8.1,11.4,173.7,104.1,24,137,9.9,6.61,6.76,,,65.1
Carson Palmer,2014,ARI,35,QB,6,6,6,0,0,141,224,62.9,1626,11,4.9,3,1.3,82,80,7.3,7.6,11.5,271,95.6,9,59,3.9,6.73,7.09,2,2,63.7
Carson Palmer,2016,ARI,37,QB,15,15,6,8,1,364,597,61,4233,26,4.4,14,2.3,220,80,7.1,6.9,11.6,282.2,87.2,40,281,6.3,6.2,6.03,1,3,52.9
Aaron Rodgers,2018,GNB,35,QB,16,16,6,9,1,372,597,62.3,4442,25,4.2,2,0.3,200,75,7.4,8.1,11.9,277.6,97.6,49,353,7.6,6.33,6.96,3,3,58
Drew Brees,2007,NOR,28,QB,16,16,7,9,0,440,652,67.5,4423,28,4.3,18,2.8,233,58,6.8,6.4,10.1,276.4,89.4,64.6,16,109,2.4,6.46,6.08,1,1
Carson Palmer,2007,CIN,28,QB,16,16,7,9,0,373,575,64.9,4131,26,4.5,20,3.5,213,70,7.2,6.5,11.1,258.2,86.7,62.5,17,119,2.9,6.78,6.14,2,2
Jay Cutler,2007,DEN,24,QB,16,16,7,9,0,297,467,63.6,3497,20,4.3,14,3,174,68,7.5,7,11.8,218.6,88.1,64.3,27,153,5.5,6.77,6.3,2,3
Sam Bradford,2012,STL,25,QB,16,16,7,8,1,328,551,59.5,3702,21,3.8,13,2.4,185,80,6.7,6.4,11.3,231.4,82.6,35,233,6,5.92,5.64,4,3,51.6
Michael Vick,2002,ATL,22,QB,15,15,8,6,1,231,421,54.9,2936,16,3.8,8,1.9,140,74,7,6.9,12.7,195.7,81.6,33,206,7.3,6.01,5.93,2,2,
Tarvaris Jackson,2007,MIN,24,QB,12,12,8,4,0,171,294,58.2,1911,9,3.1,12,4.1,95,71,6.5,5.3,11.2,159.3,70.8,50.6,19,70,6.1,5.88,4.73,1,2
Vince Young,2007,TEN,24,QB,15,15,9,6,0,238,382,62.3,2546,9,2.4,17,4.5,143,73,6.7,5.1,10.7,169.7,71.1,46.9,25,157,6.1,5.87,4.43,,
David Garrard,2007,JAX,29,QB,12,12,9,3,0,208,325,64,2509,18,5.5,3,0.9,127,59,7.7,8.4,12.1,209.1,102.2,80.9,21,99,6.1,6.97,7.62,1,2
Ben Roethlisberger,2018,PIT,36,QB,16,16,9,6,1,452,675,67,5129,34,5,16,2.4,248,97,7.6,7.5,11.3,320.6,96.5,24,166,3.4,7.1,7.04,2,3,69.6
Eli Manning,2007,NYG,26,QB,16,16,10,6,0,297,529,56.1,3336,23,4.3,20,3.8,167,60,6.3,5.5,11.2,208.5,73.9,52,27,217,4.9,5.61,4.82,3,3
Philip Rivers,2007,SDG,26,QB,16,16,11,5,0,277,460,60.2,3152,21,4.6,15,3.3,157,49,6.9,6.3,11.4,197,82.4,54.5,22,163,4.6,6.2,5.67,1,1
Ben Roethlisberger,2004,PIT,22,QB,14,13,13,0,0,196,295,66.4,2621,17,5.8,11,3.7,130,58,8.9,8.4,13.4,187.2,98.1,30,213,9.2,7.41,6.93,4,5,
Rex Grossman,2006,CHI,26,QB,16,16,13,3,0,262,480,54.6,3193,23,4.8,20,4.2,151,62,6.7,5.7,12.2,199.6,73.9,21,142,4.2,6.09,5.21,1,2,48.9
Drew Brees,2009,NOR,30,QB,15,15,13,2,0,363,514,70.6,4388,34,6.6,11,2.1,210,75,8.5,8.9,12.1,292.5,109.6,20,135,3.7,7.96,8.31,2,4,82
Philip Rivers,2009,SDG,28,QB,16,16,13,3,0,317,486,65.2,4254,28,5.8,9,1.9,208,81,8.8,9.1,13.4,265.9,104.4,25,167,4.9,8,8.3,2,4,77.2
Matt Ryan,2010,ATL,25,QB,16,16,13,3,0,357,571,62.5,3705,28,4.9,9,1.6,202,46,6.5,6.8,10.4,231.6,91,23,158,3.9,5.97,6.23,5,6,71.2
Drew Brees,2011,NOR,32,QB,16,16,13,3,0,468,657,71.2,5476,46,7,14,2.1,279,79,8.3,8.8,11.7,342.3,110.6,24,158,3.5,7.81,8.23,3,4,82.3
Tom Brady,2011,NWE,34,QB,16,16,13,3,0,401,611,65.6,5235,39,6.4,12,2,262,99,8.6,9,13.1,327.2,105.6,32,173,5,7.87,8.25,1,2,73.8
Alex Smith,2011,SFO,27,QB,16,16,13,3,0,273,445,61.3,3144,17,3.8,5,1.1,145,56,7.1,7.3,11.5,196.5,90.7,44,263,9,5.89,6.13,5,5,54.5
Matt Ryan,2012,ATL,27,QB,16,16,13,3,0,422,615,68.6,4719,32,5.2,14,2.3,248,80,7.7,7.7,11.2,294.9,99.1,28,210,4.4,7.01,7.03,4,6,71.6
Carson Palmer,2015,ARI,36,QB,16,16,13,3,0,342,537,63.7,4671,35,6.5,11,2,231,68,8.7,9.1,13.7,291.9,104.6,25,151,4.4,8.04,8.41,1,4,76.4
Tom Brady,2017,NWE,40,QB,16,16,13,3,0,385,581,66.3,4577,32,5.5,8,1.4,230,64,7.9,8.4,11.9,286.1,102.8,35,201,5.7,7.1,7.56,2,2,70.6
Drew Brees,2018,NOR,39,QB,15,15,13,2,0,364,489,74.4,3992,32,6.5,5,1,223,72,8.2,9,11,266.1,115.7,17,121,3.4,7.65,8.47,6,7,79.2
Aaron Rodgers,2019,GNB,36,QB,16,16,13,3,0,353,569,62,4002,26,4.6,4,0.7,189,74,7,7.6,11.3,250.1,95.4,36,284,6,6.15,6.71,2,3,52.5
Aaron Rodgers,2020,GNB,37,QB,16,16,13,3,0,372,526,70.7,4299,48,9.1,5,1,216,78,8.2,9.6,11.6,268.7,121.5,20,182,3.7,7.54,8.89,1,2,79.8
Tom Brady,2003,NWE,26,QB,16,16,14,2,0,317,527,60.2,3620,23,4.4,12,2.3,175,82,6.9,6.7,11.4,226.3,85.9,32,219,5.7,6.08,5.94,3,5,
Tom Brady,2004,NWE,27,QB,16,16,14,2,0,288,474,60.8,3692,28,5.9,14,3,187,50,7.8,7.6,12.8,230.8,92.6,26,162,5.2,7.06,6.92,0,1,
Philip Rivers,2006,SDG,25,QB,16,16,14,2,0,284,460,61.7,3388,22,4.8,9,2,167,57,7.4,7.4,11.9,211.8,92,27,144,5.5,6.66,6.73,4,4,67.4
Tom Brady,2010,NWE,33,QB,16,16,14,2,0,324,492,65.9,3900,36,7.3,4,0.8,189,79,7.9,9,12,243.8,111,25,175,4.8,7.21,8.25,2,3,79.1
Aaron Rodgers,2011,GNB,28,QB,15,15,14,1,0,343,502,68.3,4643,45,9,6,1.2,209,93,9.2,10.5,13.5,309.5,122.5,36,219,6.7,8.22,9.39,0,1,83.8
Tom Brady,2001,NWE,24,QB,15,14,11,3,0,264,413,63.9,2843,18,4.4,12,2.9,145,91,6.9,6.4,10.8,189.5,86.5,41,216,9,5.79,5.39,3,3,
Quincy Carter,2001,DAL,24,QB,8,8,3,5,0,90,176,51.1,1072,5,2.8,7,4,46,64,6.1,4.9,11.9,134,63,12,56,6.4,5.4,4.26,0,2,
Tom Brady,2002,NWE,25,QB,16,16,9,7,0,373,601,62.1,3764,28,4.7,14,2.3,185,49,6.3,6.1,10.1,235.3,85.7,31,190,4.9,5.66,5.54,2,3,
Drew Brees,2002,SDG,23,QB,16,16,8,8,0,320,526,60.8,3284,17,3.2,16,3,164,52,6.2,5.5,10.3,205.3,76.9,24,180,4.4,5.64,4.95,2,4,
Chad Pennington,2002,NYJ,26,QB,15,12,8,4,0,275,399,68.9,3120,22,5.5,6,1.5,168,47,7.8,8.2,11.3,208,104.2,22,135,5.2,7.09,7.49,1,2,
David Carr,2002,HOU,23,QB,16,16,4,12,0,233,444,52.5,2592,9,2,15,3.4,118,81,5.8,4.7,11.1,162,62.8,76,411,14.6,4.19,3.24,2,3,
Joey Harrington,2002,DET,24,QB,14,12,3,9,0,215,429,50.1,2294,12,2.8,16,3.7,111,64,5.3,4.2,10.7,163.9,59.9,8,75,1.8,5.08,3.98,2,2,
Marc Bulger,2002,STL,25,QB,7,7,6,1,0,138,214,64.5,1826,14,6.5,6,2.8,87,58,8.5,8.6,13.2,260.9,101.5,12,102,5.3,7.63,7.67,2,2,
Patrick Ramsey,2002,WAS,23,QB,9,5,2,3,0,117,227,51.5,1539,9,4,8,3.5,67,62,6.8,6,13.2,171,71.8,18,132,7.3,5.74,5.01,,,
Quincy Carter,2002,DAL,25,QB,7,7,3,4,0,125,221,56.6,1465,7,3.2,8,3.6,67,80,6.6,5.6,11.7,209.3,72.3,19,130,7.9,5.56,4.65,2,2,
Chris Redman,2002,BAL,25,QB,6,6,3,3,0,97,182,53.3,1034,7,3.8,3,1.6,49,36,5.7,5.7,10.7,172.3,76.1,11,68,5.7,5.01,5.03,,,
A.J. Feeley,2002,PHI,25,QB,6,5,4,1,0,86,154,55.8,1011,6,3.9,5,3.2,43,53,6.6,5.9,11.8,168.5,75.4,7,48,4.3,5.98,5.33,,,
Marc Bulger,2003,STL,26,QB,15,15,12,3,0,336,532,63.2,3845,22,4.1,22,4.1,193,48,7.2,6.2,11.4,256.3,81.4,37,288,6.5,6.25,5.28,4,4,
Quincy Carter,2003,DAL,26,QB,16,16,10,6,0,292,505,57.8,3302,17,3.4,21,4.2,148,64,6.5,5.3,11.3,206.4,71.4,37,185,6.8,5.75,4.63,2,2,
Joey Harrington,2003,DET,25,QB,16,16,5,11,0,309,554,55.8,2880,17,3.1,22,4,149,72,5.2,4,9.3,180,63.9,9,55,1.6,5.02,3.86,2,2,
Byron Leftwich,2003,JAX,23,QB,15,13,5,8,0,239,418,57.2,2819,14,3.3,16,3.8,134,84,6.7,5.7,11.8,187.9,73,19,90,4.3,6.24,5.24,1,2,
Patrick Ramsey,2003,WAS,24,QB,11,11,4,7,0,179,337,53.1,2166,14,4.2,9,2.7,96,64,6.4,6.1,12.1,196.9,75.8,30,206,8.2,5.34,5,0,2,
Chad Pennington,2003,NYJ,27,QB,10,9,4,5,0,189,297,63.6,2139,13,4.4,12,4,116,65,7.2,6.3,11.3,213.9,82.9,25,160,7.8,6.15,5.28,2,2,
Drew Brees,2003,SDG,24,QB,11,11,2,9,0,205,356,57.6,2108,11,3.1,15,4.2,94,68,5.9,4.6,10.3,191.6,67.5,21,178,5.6,5.12,3.91,0,1,
David Carr,2003,HOU,24,QB,12,11,3,8,0,167,295,56.6,2013,9,3.1,13,4.4,85,78,6.8,5.5,12.1,167.8,69.5,15,90,4.8,6.2,4.9,2,2,
Kyle Boller,2003,BAL,22,QB,11,9,5,4,0,116,224,51.8,1260,7,3.1,9,4,62,73,5.6,4.4,10.9,114.5,62.4,17,92,7.1,4.85,3.75,,,
Tim Rattay,2003,SFO,26,QB,11,3,2,1,0,73,118,61.9,856,7,5.9,2,1.7,41,61,7.3,7.7,11.7,77.8,96.6,7,54,5.6,6.42,6.82,,,
Michael Vick,2003,ATL,23,QB,5,4,3,1,0,50,100,50,585,4,4,3,3,32,49,5.9,5.3,11.7,117,69,9,64,8.3,4.78,4.28,1,0,
Rex Grossman,2003,CHI,23,QB,3,3,2,1,0,38,72,52.8,437,2,2.8,1,1.4,22,59,6.1,6,11.5,145.7,74.8,4,41,5.3,5.21,5.14,0,1,
Marc Bulger,2004,STL,27,QB,14,14,8,6,0,321,485,66.2,3964,21,4.3,14,2.9,181,56,8.2,7.7,12.3,283.1,93.7,41,302,7.8,6.96,6.56,3,4,
David Carr,2004,HOU,25,QB,16,16,7,9,0,285,466,61.2,3531,16,3.4,14,3,172,69,7.6,6.9,12.4,220.7,83.5,49,301,9.5,6.27,5.67,1,1,
Drew Brees,2004,SDG,25,QB,15,15,11,4,0,262,400,65.5,3159,27,6.8,7,1.8,142,79,7.9,8.5,12.1,210.6,104.8,18,131,4.3,7.24,7.78,1,2,
Joey Harrington,2004,DET,26,QB,16,16,6,10,0,274,489,56,3047,19,3.9,12,2.5,141,62,6.2,5.9,11.1,190.4,77.5,36,196,6.9,5.43,5.13,1,1,
Byron Leftwich,2004,JAX,24,QB,14,14,8,6,0,267,441,60.5,2941,15,3.4,10,2.3,141,65,6.7,6.3,11,210.1,82.2,25,114,5.4,6.07,5.74,4,4,
Carson Palmer,2004,CIN,25,QB,13,13,6,7,0,263,432,60.9,2897,18,4.2,18,4.2,140,76,6.7,5.7,11,222.8,77.3,25,178,5.5,5.95,4.96,2,3,
Chad Pennington,2004,NYJ,28,QB,13,13,8,5,0,242,370,65.4,2673,16,4.3,9,2.4,137,48,7.2,7,11,205.6,91,18,103,4.6,6.62,6.4,2,2,
Kyle Boller,2004,BAL,23,QB,16,16,9,7,0,258,464,55.6,2559,13,2.8,11,2.4,135,57,5.5,5,9.9,159.9,70.9,35,247,7,4.63,4.16,2,2,
Josh McCown,2004,ARI,25,QB,14,13,6,7,0,233,408,57.1,2511,11,2.7,10,2.5,122,48,6.2,5.6,10.8,179.4,74.1,31,263,7.1,5.12,4.6,2,2,
Michael Vick,2004,ATL,24,QB,15,15,11,4,0,181,321,56.4,2313,14,4.4,12,3.7,102,62,7.2,6.4,12.8,154.2,78.1,46,266,12.5,5.58,4.87,3,4,
A.J. Feeley,2004,MIA,27,QB,11,8,3,5,0,191,356,53.7,1893,11,3.1,15,4.2,102,38,5.3,4,9.9,172.1,61.7,23,136,6.1,4.64,3.44,2,3,
Patrick Ramsey,2004,WAS,25,QB,9,7,3,4,0,169,272,62.1,1665,10,3.7,11,4,89,51,6.1,5,9.9,185,74.8,23,137,7.8,5.18,4.18,,,
Quincy Carter,2004,NYJ,27,QB,7,3,2,1,0,35,58,60.3,498,3,5.2,1,1.7,25,69,8.6,8.8,14.2,71.1,98.2,12,70,17.1,6.11,6.33,1,1,
Tom Brady,2005,NWE,28,QB,16,16,10,6,0,334,530,63,4110,26,4.9,14,2.6,197,71,7.8,7.5,12.3,256.9,92.3,26,188,4.7,7.05,6.86,3,4,
Carson Palmer,2005,CIN,26,QB,16,16,11,5,0,345,509,67.8,3836,32,6.3,12,2.4,198,70,7.5,7.7,11.1,239.8,101.1,19,105,3.6,7.07,7.26,1,3,
Eli Manning,2005,NYG,24,QB,16,16,11,5,0,294,557,52.8,3762,24,4.3,17,3.1,176,78,6.8,6.2,12.8,235.1,75.9,28,184,4.8,6.12,5.63,1,2,
Drew Brees,2005,SDG,26,QB,16,16,9,7,0,323,500,64.6,3576,24,4.8,15,3,183,54,7.2,6.8,11.1,223.5,89.2,27,223,5.1,6.36,5.99,2,2,
David Carr,2005,HOU,26,QB,16,16,2,14,0,256,423,60.5,2488,14,3.3,11,2.6,139,53,5.9,5.4,9.7,155.5,77.2,68,424,13.8,4.2,3.77,0,1,
Michael Vick,2005,ATL,25,QB,15,15,8,7,0,214,387,55.3,2412,15,3.9,13,3.4,126,58,6.2,5.5,11.3,160.8,73.1,33,201,7.9,5.26,4.59,0,1,
Ben Roethlisberger,2005,PIT,23,QB,12,12,9,3,0,168,268,62.7,2385,17,6.3,9,3.4,110,85,8.9,8.7,14.2,198.8,98.6,23,129,7.9,7.75,7.53,2,2,
Marc Bulger,2005,STL,28,QB,8,8,2,6,0,192,287,66.9,2297,14,4.9,9,3.1,110,57,8,7.6,12,287.1,94.4,26,188,8.3,6.74,6.34,0,1,
Byron Leftwich,2005,JAX,25,QB,11,11,8,3,0,175,302,57.9,2123,15,5,5,1.7,101,45,7,7.3,12.1,193,89.3,23,110,7.1,6.19,6.42,2,3,
Chris Simms,2005,TAM,25,QB,11,10,6,4,0,191,313,61,2035,10,3.2,7,2.2,107,78,6.5,6.1,10.7,185,81.4,29,205,8.5,5.35,5.01,3,3,
Joey Harrington,2005,DET,27,QB,12,11,4,7,0,188,330,57,2021,12,3.6,12,3.6,100,86,6.1,5.2,10.8,168.4,72,24,136,6.8,5.32,4.48,1,1,
Kyle Orton,2005,CHI,23,QB,15,15,10,5,0,190,368,51.6,1869,9,2.4,13,3.5,93,54,5.1,4,9.8,124.6,59.7,30,190,7.5,4.22,3.2,0,1,
Josh McCown,2005,ARI,26,QB,9,6,3,3,0,163,270,60.4,1836,9,3.3,11,4.1,87,49,6.8,5.6,11.3,204,74.9,18,101,6.3,6.02,4.93,,,
Kyle Boller,2005,BAL,24,QB,9,9,4,5,0,171,293,58.4,1799,11,3.8,12,4.1,86,47,6.1,5,10.5,199.9,71.8,23,146,7.3,5.23,4.22,2,3,
Brooks Bollinger,2005,NYJ,26,QB,11,9,2,7,0,150,266,56.4,1558,7,2.6,6,2.3,78,60,5.9,5.4,10.4,141.6,72.9,32,193,10.7,4.58,4.14,1,0,
Mike McMahon,2005,PHI,26,QB,9,7,2,5,0,94,207,45.4,1158,5,2.4,8,3.9,56,48,5.6,4.3,12.3,128.7,55.2,19,96,8.4,4.7,3.55,2,2,
David Garrard,2005,JAX,27,QB,7,5,4,1,0,98,168,58.3,1117,4,2.4,1,0.6,64,37,6.6,6.9,11.4,159.6,83.9,8,45,4.5,6.09,6.29,2,2,
Charlie Frye,2005,CLE,24,QB,7,5,2,3,0,98,164,59.8,1002,4,2.4,5,3,49,45,6.1,5.2,10.2,143.1,72.8,22,135,11.8,4.66,3.88,1,1,
Alex Smith,2005,SFO,21,QB,9,7,2,5,0,84,165,50.9,875,1,0.6,11,6.7,37,47,5.3,2.4,10.4,97.2,40.8,29,185,14.9,3.56,1.11,1,2,
Drew Brees,2006,NOR,27,QB,16,16,10,6,0,356,554,64.3,4418,26,4.7,11,2,202,86,8,8,12.4,276.1,96.2,18,105,3.1,7.54,7.58,1,2,66.7
Marc Bulger,2006,STL,29,QB,16,16,8,8,0,370,588,62.9,4301,24,4.1,8,1.4,210,67,7.3,7.5,11.6,268.8,92.9,49,366,7.7,6.18,6.37,2,3,59.4
Carson Palmer,2006,CIN,27,QB,16,16,8,8,0,324,520,62.3,4035,28,5.4,13,2.5,200,74,7.8,7.7,12.5,252.2,93.9,36,233,6.5,6.84,6.79,2,3,67.1
Tom Brady,2006,NWE,29,QB,16,16,12,4,0,319,516,61.8,3529,24,4.7,12,2.3,176,62,6.8,6.7,11.1,220.6,87.9,26,175,4.8,6.19,6.08,2,2,68.6
Ben Roethlisberger,2006,PIT,24,QB,15,15,7,8,0,280,469,59.7,3513,18,3.8,23,4.9,178,67,7.5,6.1,12.5,234.2,75.4,46,280,8.9,6.28,4.97,2,3,58
Chad Pennington,2006,NYJ,30,QB,16,16,10,6,0,313,485,64.5,3352,17,3.5,16,3.3,163,71,6.9,6.1,10.7,209.5,82.6,30,172,5.8,6.17,5.44,1,2,64.2
Eli Manning,2006,NYG,25,QB,16,16,8,8,0,301,522,57.7,3244,24,4.6,18,3.4,162,55,6.2,5.6,10.8,202.8,77,25,186,4.6,5.59,4.99,2,2,48.6
J.P. Losman,2006,BUF,25,QB,16,16,7,9,0,268,429,62.5,3051,19,4.4,14,3.3,134,83,7.1,6.5,11.4,190.7,84.9,47,332,9.9,5.71,5.19,1,3,49.5
Alex Smith,2006,SFO,22,QB,16,16,7,9,0,257,442,58.1,2890,16,3.6,16,3.6,132,75,6.5,5.6,11.2,180.6,74.8,35,202,7.3,5.64,4.8,1,2,44.4
David Carr,2006,HOU,27,QB,16,16,6,10,0,302,442,68.3,2767,11,2.5,12,2.7,142,53,6.3,5.5,9.2,172.9,82.1,41,240,8.5,5.23,4.57,1,3,45.8
Matt Leinart,2006,ARI,23,QB,12,11,4,7,0,214,377,56.8,2547,11,2.9,12,3.2,125,58,6.8,5.9,11.9,212.3,74,21,158,5.3,6,5.2,1,1,60.5
Michael Vick,2006,ATL,26,QB,16,16,7,9,0,204,388,52.6,2474,20,5.2,13,3.4,122,55,6.4,5.9,12.1,154.6,75.7,45,303,10.4,5.01,4.59,0,1,49.3
Charlie Frye,2006,CLE,25,QB,13,13,4,9,0,252,393,64.1,2454,10,2.5,17,4.3,115,75,6.2,4.8,9.7,188.8,72,44,262,10.1,5.02,3.72,,,42.1
Joey Harrington,2006,MIA,28,QB,11,11,5,6,0,223,388,57.5,2236,12,3.1,15,3.9,115,48,5.8,4.6,10,203.3,68.2,15,116,3.7,5.26,4.18,0,0,51
Vince Young,2006,TEN,23,QB,15,13,8,5,0,184,357,51.5,2199,12,3.4,13,3.6,107,53,6.2,5.2,12,146.6,66.7,25,129,6.5,5.42,4.52,4,5,56.1
David Garrard,2006,JAX,28,QB,11,10,5,5,0,145,241,60.2,1735,10,4.1,9,3.7,83,49,7.2,6.3,12,157.7,80.5,20,119,7.7,6.19,5.41,,,60.1
Andrew Walter,2006,OAK,24,QB,12,8,2,6,0,147,276,53.3,1677,3,1.1,13,4.7,79,51,6.1,4.2,11.4,139.8,55.8,46,256,14.3,4.41,2.78,,,23
Bruce Gradkowski,2006,TAM,23,QB,13,11,3,8,0,177,328,54,1661,9,2.7,9,2.7,81,53,5.1,4.4,9.4,127.8,65.9,25,146,7.1,4.29,3.65,2,3,32
Jason Campbell,2006,WAS,25,QB,7,7,2,5,0,110,207,53.1,1297,10,4.8,6,2.9,68,66,6.3,5.9,11.8,185.3,76.5,7,55,3.3,5.8,5.48,1,1,52.3
Byron Leftwich,2006,JAX,26,QB,6,6,3,3,0,108,183,59,1159,7,3.8,5,2.7,59,51,6.3,5.9,10.7,193.2,79,9,48,4.7,5.79,5.34,0,1,44.7
Jay Cutler,2006,DEN,23,QB,5,5,2,3,0,81,137,59.1,1001,9,6.6,5,3.6,49,71,7.3,7,12.4,200.2,88.5,13,85,8.7,6.11,5.81,,,41.9
Seneca Wallace,2006,SEA,26,QB,8,4,2,2,0,82,141,58.2,927,8,5.7,7,5,42,49,6.6,5.5,11.3,115.9,76.2,14,83,9,5.45,4.45,1,1,51
Drew Brees,2008,NOR,29,QB,16,16,8,8,0,413,635,65,5069,34,5.4,17,2.7,233,84,8,7.8,12.3,316.8,96.2,13,92,2,7.68,7.55,2,2,65.7
Jay Cutler,2008,DEN,25,QB,16,16,8,8,0,384,616,62.3,4526,25,4.1,18,2.9,223,93,7.3,6.8,11.8,282.9,86,11,69,1.8,7.11,6.61,3,4,61.9
Aaron Rodgers,2008,GNB,25,QB,16,16,6,10,0,341,536,63.6,4038,28,5.2,13,2.4,184,71,7.5,7.5,11.8,252.4,93.8,34,231,6,6.68,6.64,1,2,62.9
Philip Rivers,2008,SDG,27,QB,16,16,8,8,0,312,478,65.3,4009,34,7.1,11,2.3,191,67,8.4,8.8,12.8,250.6,105.5,25,151,5,7.67,8.04,3,4,63.2
Matt Cassel,2008,NWE,26,QB,16,15,10,5,0,327,516,63.4,3693,21,4.1,11,2.1,181,76,7.2,7,11.3,230.8,89.4,47,219,8.3,6.17,6.04,2,2,63.4
Chad Pennington,2008,MIA,32,QB,16,16,11,5,0,321,476,67.4,3653,19,4,7,1.5,180,80,7.7,7.8,11.4,228.3,97.4,24,121,4.8,7.06,7.19,1,2,65.7
David Garrard,2008,JAX,30,QB,16,16,5,11,0,335,535,62.6,3620,15,2.8,13,2.4,181,41,6.8,6.2,10.8,226.3,81.7,42,288,7.3,5.77,5.28,3,3,58.7
Matt Ryan,2008,ATL,23,QB,16,16,11,5,0,265,434,61.1,3440,16,3.7,11,2.5,156,70,7.9,7.5,13,215,87.7,17,104,3.8,7.4,7.01,2,4,68.8
Ben Roethlisberger,2008,PIT,26,QB,16,16,12,4,0,281,469,59.9,3301,17,3.6,15,3.2,162,65,7,6.3,11.7,206.3,80.1,46,284,8.9,5.86,5.21,4,4,47.1
Jason Campbell,2008,WAS,27,QB,16,16,8,8,0,315,506,62.3,3245,13,2.6,6,1.2,161,67,6.4,6.4,10.3,202.8,84.3,38,266,7,5.48,5.46,1,3,58.5
Eli Manning,2008,NYG,27,QB,16,16,12,4,0,289,479,60.3,3238,21,4.4,10,2.1,168,48,6.8,6.7,11.2,202.4,86.4,27,174,5.3,6.06,6,3,3,66.9
Matt Schaub,2008,HOU,27,QB,11,11,6,5,0,251,380,66.1,3043,15,3.9,10,2.6,146,65,8,7.6,12.1,276.6,92.7,23,149,5.7,7.18,6.81,2,2,67.3
Kyle Orton,2008,CHI,26,QB,15,15,9,6,0,272,465,58.5,2972,18,3.9,12,2.6,143,65,6.4,6,10.9,198.1,79.6,27,160,5.5,5.72,5.35,2,2,48.2
Joe Flacco,2008,BAL,23,QB,16,16,11,5,0,257,428,60,2971,14,3.3,12,2.8,143,70,6.9,6.3,11.6,185.7,80.3,32,276,7,5.86,5.29,1,1,47.1
Marc Bulger,2008,STL,31,QB,15,15,2,13,0,251,440,57,2720,11,2.5,13,3,119,80,6.2,5.4,10.8,181.3,71.4,38,263,7.9,5.14,4.38,1,1,36.1
Trent Edwards,2008,BUF,25,QB,14,14,7,7,0,245,374,65.5,2699,11,2.9,10,2.7,134,65,7.2,6.6,11,192.8,85.4,23,143,5.8,6.44,5.86,3,3,43.1
JaMarcus Russell,2008,OAK,23,QB,15,15,5,10,0,198,368,53.8,2423,13,3.5,8,2.2,110,84,6.6,6.3,12.2,161.5,77.1,31,210,7.8,5.55,5.3,1,2,29.2
J.T. O'Sullivan,2008,SFO,29,QB,9,8,2,6,0,128,220,58.2,1678,8,3.6,11,5,76,63,7.6,6.1,13.1,186.4,73.6,32,197,12.7,5.88,4.55,1,1,27.4
Derek Anderson,2008,CLE,25,QB,10,9,3,6,0,142,283,50.2,1615,9,3.2,8,2.8,83,70,5.7,5.1,11.4,161.5,66.5,14,87,4.7,5.14,4.54,1,2,44.4
Seneca Wallace,2008,SEA,28,QB,10,8,3,5,0,141,242,58.3,1532,11,4.5,3,1.2,71,90,6.3,6.7,10.9,153.2,87,14,76,5.5,5.69,6.02,1,1,61.3
Sage Rosenfels,2008,HOU,30,QB,6,5,2,3,0,116,174,66.7,1431,6,3.4,10,5.7,64,61,8.2,6.3,12.3,238.5,79.5,9,58,4.9,7.5,5.7,,,51.3
Tarvaris Jackson,2008,MIN,25,QB,9,5,2,3,0,88,149,59.1,1056,9,6,2,1.3,48,59,7.1,7.7,12,117.3,95.4,14,97,8.6,5.88,6.44,2,2,57.8
Matt Schaub,2009,HOU,28,QB,16,16,9,7,0,396,583,67.9,4770,29,5,15,2.6,231,72,8.2,8,12,298.1,98.6,25,149,4.1,7.6,7.44,2,4,72.9
Aaron Rodgers,2009,GNB,26,QB,16,16,11,5,0,350,541,64.7,4434,30,5.5,7,1.3,198,83,8.2,8.7,12.7,277.1,103.2,50,306,8.5,6.98,7.47,2,2,69.1
Tom Brady,2009,NWE,32,QB,16,16,10,6,0,371,565,65.7,4398,28,5,13,2.3,215,81,7.8,7.7,11.9,274.9,96.2,16,86,2.8,7.42,7.38,1,1,74.1
Ben Roethlisberger,2009,PIT,27,QB,15,15,9,6,0,337,506,66.6,4328,26,5.1,12,2.4,201,60,8.6,8.5,12.8,288.5,100.5,50,348,9,7.16,7.12,2,3,69
Eli Manning,2009,NYG,28,QB,16,16,8,8,0,317,509,62.3,4021,27,5.3,14,2.8,183,74,7.9,7.7,12.7,251.3,93.1,30,216,5.6,7.06,6.89,1,2,71.7
Kyle Orton,2009,DEN,27,QB,16,15,8,7,0,336,541,62.1,3802,21,3.9,12,2.2,175,87,7,6.8,11.3,237.6,86.8,29,159,5.1,6.39,6.18,3,3,56.9
Jay Cutler,2009,CHI,26,QB,16,16,7,9,0,336,555,60.5,3666,27,4.9,26,4.7,169,71,6.6,5.5,10.9,229.1,76.8,35,204,5.9,5.87,4.8,2,4,49.9
Jason Campbell,2009,WAS,28,QB,16,16,4,12,0,327,507,64.5,3618,20,3.9,15,3,187,84,7.1,6.6,11.1,226.1,86.4,43,285,7.8,6.06,5.56,1,1,55.2
Joe Flacco,2009,BAL,24,QB,16,16,9,7,0,315,499,63.1,3613,21,4.2,12,2.4,184,72,7.2,7,11.5,225.8,88.9,36,218,6.7,6.35,6.12,1,2,58.5
David Garrard,2009,JAX,31,QB,16,16,7,9,0,314,516,60.9,3597,15,2.9,10,1.9,169,63,7,6.7,11.5,224.8,83.5,42,236,7.5,6.02,5.75,3,4,54.4
Carson Palmer,2009,CIN,30,QB,16,16,10,6,0,282,466,60.5,3094,21,4.5,13,2.8,159,73,6.6,6.3,11,193.4,83.6,26,213,5.3,5.86,5.52,3,5,58.6
Matt Cassel,2009,KAN,27,QB,15,15,4,11,0,271,493,55,2924,16,3.2,16,3.2,129,61,5.9,5.1,10.8,194.9,69.9,42,243,7.9,5.01,4.26,1,2,29.7
Matt Ryan,2009,ATL,24,QB,14,14,9,5,0,263,451,58.3,2916,22,4.9,14,3.1,153,90,6.5,6,11.1,208.3,80.9,19,92,4,6.01,5.6,1,3,67.7
Chad Henne,2009,MIA,24,QB,14,13,7,6,0,274,451,60.8,2878,12,2.7,14,3.1,156,67,6.4,5.5,10.5,205.6,75.2,26,176,5.5,5.66,4.85,3,3,53.1
Mark Sanchez,2009,NYJ,23,QB,15,15,8,7,0,196,364,53.8,2444,12,3.3,20,5.5,122,65,6.7,4.9,12.5,162.9,63,26,195,6.7,5.77,4.07,,,32.8
Alex Smith,2009,SFO,25,QB,11,10,5,5,0,225,372,60.5,2350,18,4.8,12,3.2,100,73,6.3,5.8,10.4,213.6,81.5,22,134,5.6,5.62,5.17,,,41.8
Matthew Stafford,2009,DET,21,QB,10,10,2,8,0,201,377,53.3,2267,13,3.4,20,5.3,111,75,6,4.3,11.3,226.7,61,24,169,6,5.23,3.64,1,1,37.1
Vince Young,2009,TEN,26,QB,12,10,8,2,0,152,259,58.7,1879,10,3.9,7,2.7,91,66,7.3,6.8,12.4,156.6,82.8,9,36,3.4,6.88,6.45,3,6,69.6
Josh Freeman,2009,TAM,21,QB,10,9,3,6,0,158,290,54.5,1855,10,3.4,18,6.2,90,42,6.4,4.3,11.7,185.5,59.8,20,102,6.5,5.65,3.69,2,2,37
Ryan Fitzpatrick,2009,BUF,27,QB,10,8,4,4,0,127,227,55.9,1422,9,4,10,4.4,65,98,6.3,5.1,11.2,142.2,69.7,21,127,8.5,5.22,4.13,1,2,35.2
Brady Quinn,2009,CLE,25,QB,10,9,2,7,0,136,256,53.1,1339,8,3.1,7,2.7,72,59,5.2,4.6,9.8,133.9,67.2,19,104,6.9,4.49,3.93,0,1,41.7
JaMarcus Russell,2009,OAK,24,QB,12,9,2,7,0,120,246,48.8,1287,3,1.2,11,4.5,58,86,5.2,3.5,10.7,107.3,50,33,207,11.8,3.87,2.31,2,2,20.7
Trent Edwards,2009,BUF,26,QB,8,7,2,5,0,110,183,60.1,1169,6,3.3,7,3.8,54,46,6.4,5.3,10.6,146.1,73.8,23,139,11.2,5,4.05,,,29.1
Bruce Gradkowski,2009,OAK,26,QB,7,4,2,2,0,82,150,54.7,1007,6,4,3,2,44,75,6.7,6.6,12.3,143.9,80.6,11,71,6.8,5.81,5.72,2,2,58.3
Derek Anderson,2009,CLE,26,QB,8,7,3,4,0,81,182,44.5,888,3,1.6,10,5.5,44,43,4.9,2.7,11,111,42.1,11,75,5.7,4.21,2.19,0,1,22.4
Philip Rivers,2010,SDG,29,QB,16,16,9,7,0,357,541,66,4710,30,5.5,13,2.4,234,59,8.7,8.7,13.2,294.4,101.8,38,227,6.6,7.74,7.77,1,1,66.9
Drew Brees,2010,NOR,31,QB,16,16,11,5,0,448,658,68.1,4620,33,5,22,3.3,238,80,7,6.5,10.3,288.8,90.9,25,185,3.7,6.49,6.01,4,5,70.8
Matt Schaub,2010,HOU,29,QB,16,16,6,10,0,365,574,63.6,4370,24,4.2,12,2.1,221,60,7.6,7.5,12,273.1,92,32,226,5.3,6.84,6.74,2,2,61
Eli Manning,2010,NYG,29,QB,16,16,10,6,0,339,539,62.9,4002,31,5.8,25,4.6,169,92,7.4,6.5,11.8,250.1,85.3,16,117,2.9,7,6.09,1,1,57.7
Carson Palmer,2010,CIN,31,QB,16,16,4,12,0,362,586,61.8,3970,26,4.4,20,3.4,206,78,6.8,6.1,11,248.1,82.4,26,201,4.2,6.16,5.54,1,1,55.1
Aaron Rodgers,2010,GNB,27,QB,15,15,10,5,0,312,475,65.7,3922,28,5.9,11,2.3,183,86,8.3,8.4,12.6,261.5,101.2,31,193,6.1,7.37,7.5,0,1,69.6
Kyle Orton,2010,DEN,28,QB,13,13,3,10,0,293,498,58.8,3653,20,4,9,1.8,173,71,7.3,7.3,12.5,281,87.5,34,243,6.4,6.41,6.4,1,1,53.8
Joe Flacco,2010,BAL,25,QB,16,16,12,4,0,306,489,62.6,3622,25,5.1,10,2,174,67,7.4,7.5,11.8,226.4,93.6,40,294,7.6,6.29,6.39,2,4,59.1
Sam Bradford,2010,STL,23,QB,16,16,7,9,0,354,590,60,3512,18,3.1,15,2.5,179,49,6,5.4,9.9,219.5,76.5,34,244,5.4,5.24,4.73,,,46.9
Josh Freeman,2010,TAM,22,QB,16,16,10,6,0,291,474,61.4,3451,25,5.3,6,1.3,167,64,7.3,7.8,11.9,215.7,95.9,28,195,5.6,6.49,6.94,5,5,69.5
Chad Henne,2010,MIA,25,QB,15,14,6,8,0,301,490,61.4,3301,15,3.1,19,3.9,167,57,6.7,5.6,11,220.1,75.4,30,178,5.8,6.01,4.94,0,1,45.7
Mark Sanchez,2010,NYJ,24,QB,16,16,11,5,0,278,507,54.8,3291,17,3.4,13,2.6,162,74,6.5,6,11.8,205.7,75.3,27,171,5.1,5.84,5.38,3,5,51.3
Jay Cutler,2010,CHI,27,QB,15,15,10,5,0,261,432,60.4,3274,23,5.3,16,3.7,159,89,7.6,7,12.5,218.3,86.3,52,352,10.7,6.04,5.5,4,4,51.4
Ben Roethlisberger,2010,PIT,28,QB,12,12,9,3,0,240,389,61.7,3200,17,4.4,5,1.3,149,56,8.2,8.5,13.3,266.7,97,32,220,7.6,7.08,7.35,2,3,67.4
Matt Cassel,2010,KAN,28,QB,15,15,10,5,0,262,450,58.2,3116,27,6,7,1.6,164,75,6.9,7.4,11.9,207.7,93,26,182,5.5,6.16,6.64,1,2,55.8
Michael Vick,2010,PHI,30,QB,12,12,8,3,0,233,372,62.6,3018,21,5.6,6,1.6,119,91,8.1,8.5,13,251.5,100.2,34,210,8.4,6.92,7.29,4,3,65
Ryan Fitzpatrick,2010,BUF,28,QB,13,13,4,9,0,255,441,57.8,3000,23,5.2,15,3.4,151,65,6.8,6.3,11.8,230.8,81.8,24,145,5.2,6.14,5.68,1,1,52.3
David Garrard,2010,JAX,32,QB,14,14,8,6,0,236,366,64.5,2734,23,6.3,15,4.1,130,75,7.5,6.9,11.6,195.3,90.8,33,253,8.3,6.22,5.68,1,5,63.1
Jason Campbell,2010,OAK,29,QB,13,12,7,5,0,194,329,59,2387,13,4,8,2.4,111,73,7.3,7,12.3,183.6,84.5,33,208,9.1,6.02,5.74,2,2,48.8
Alex Smith,2010,SFO,26,QB,11,10,3,7,0,204,342,59.6,2370,14,4.1,10,2.9,102,62,6.9,6.4,11.6,215.5,82.1,25,140,6.8,6.08,5.61,,,43.8
Derek Anderson,2010,ARI,27,QB,12,9,2,7,0,169,327,51.7,2065,7,2.1,10,3.1,96,43,6.3,5.4,12.2,172.1,65.9,25,176,7.1,5.37,4.49,1,1,32.7
Colt McCoy,2010,CLE,24,QB,8,8,2,6,0,135,222,60.8,1576,6,2.7,9,4.1,77,47,7.1,5.8,11.7,197,74.5,23,132,9.4,5.89,4.73,,,52.8
Vince Young,2010,TEN,27,QB,9,8,4,4,0,93,156,59.6,1255,10,6.4,3,1.9,58,71,8,8.5,13.5,139.4,98.6,13,80,7.7,6.95,7.34,0,1,59.4
Kevin Kolb,2010,PHI,26,QB,7,5,2,3,0,115,189,60.8,1197,7,3.7,7,3.7,58,83,6.3,5.4,10.4,171,76.1,15,99,7.4,5.38,4.52,,,44.9
Troy Smith,2010,SFO,26,QB,6,6,3,3,0,73,145,50.3,1176,5,3.4,4,2.8,43,66,8.1,7.6,16.1,196,77.8,18,112,11,6.53,6.04,2,2,43.2
Drew Stanton,2010,DET,26,QB,6,3,2,1,0,69,119,58,780,4,3.4,3,2.5,39,87,6.6,6.1,11.3,130,78.4,6,42,4.8,5.9,5.46,2,2,60.2
John Skelton,2010,ARI,22,QB,5,4,2,2,0,60,126,47.6,662,2,1.6,2,1.6,31,74,5.3,4.9,11,132.4,62.3,9,65,6.7,4.42,4.05,1,1,23.6
Matthew Stafford,2011,DET,23,QB,16,16,10,6,0,421,663,63.5,5038,41,6.2,16,2.4,243,73,7.6,7.7,12,314.9,97.2,36,257,5.2,6.84,6.98,3,4,60.5
Eli Manning,2011,NYG,30,QB,16,16,9,7,0,359,589,61,4933,29,4.9,16,2.7,218,99,8.4,8.1,13.7,308.3,92.9,28,199,4.5,7.67,7.45,5,6,64.2
Philip Rivers,2011,SDG,30,QB,16,16,8,8,0,366,582,62.9,4624,27,4.6,20,3.4,234,58,7.9,7.3,12.6,289,88.7,30,198,4.9,7.23,6.64,1,1,64.9
Matt Ryan,2011,ATL,26,QB,16,16,10,6,0,347,566,61.3,4177,29,5.1,12,2.1,208,80,7.4,7.5,12,261.1,92.2,26,173,4.4,6.76,6.83,3,3,69.3
Ben Roethlisberger,2011,PIT,29,QB,15,15,11,4,0,324,513,63.2,4077,21,4.1,14,2.7,210,95,7.9,7.5,12.6,271.8,90.1,40,269,7.2,6.89,6.51,1,1,68.3
Ryan Fitzpatrick,2011,BUF,29,QB,16,16,6,10,0,353,569,62,3832,24,4.2,23,4,179,60,6.7,5.8,10.9,239.5,79.1,22,148,3.7,6.23,5.29,2,2,50.1
Joe Flacco,2011,BAL,26,QB,16,16,12,4,0,312,542,57.6,3610,20,3.7,12,2.2,180,74,6.7,6.4,11.6,225.6,80.9,31,203,5.4,5.95,5.7,2,3,63.7
Josh Freeman,2011,TAM,23,QB,15,15,4,11,0,346,551,62.8,3592,16,2.9,22,4,170,65,6.5,5.3,10.4,239.5,74.6,29,164,5,5.91,4.76,1,2,46.1
Mark Sanchez,2011,NYJ,25,QB,16,16,8,8,0,308,543,56.7,3474,26,4.8,18,3.3,172,74,6.4,5.9,11.3,217.1,78.2,39,243,6.7,5.55,5.05,4,4,42.1
Michael Vick,2011,PHI,31,QB,13,13,7,6,0,253,423,59.8,3303,18,4.3,14,3.3,154,73,7.8,7.2,13.1,254.1,84.9,23,126,5.2,7.12,6.52,,,60.9
Rex Grossman,2011,WAS,31,QB,13,13,5,8,0,265,458,57.9,3151,16,3.5,20,4.4,161,51,6.9,5.6,11.9,242.4,72.4,25,201,5.2,6.11,4.91,2,2,41.5
Tarvaris Jackson,2011,SEA,28,QB,15,14,7,7,0,271,450,60.2,3091,14,3.1,13,2.9,139,61,6.9,6.2,11.4,206.1,79.2,42,293,8.5,5.69,5.07,,,46.1
Carson Palmer,2011,OAK,32,QB,10,9,4,5,0,199,328,60.7,2753,13,4,16,4.9,123,78,8.4,7,13.8,275.3,80.5,17,119,4.9,7.63,6.3,0,1,53.5
Colt McCoy,2011,CLE,25,QB,13,13,4,9,0,265,463,57.2,2733,14,3,11,2.4,142,56,5.9,5.4,10.3,210.2,74.6,32,173,6.5,5.17,4.74,1,3,45.9
Matt Schaub,2011,HOU,30,QB,10,10,7,3,0,178,292,61,2479,15,5.1,6,2.1,118,80,8.5,8.6,13.9,247.9,96.8,16,98,5.2,7.73,7.83,0,1,73.8
Jay Cutler,2011,CHI,28,QB,10,10,7,3,0,182,314,58,2319,13,4.1,7,2.2,107,56,7.4,7.2,12.7,231.9,85.7,23,159,6.8,6.41,6.25,1,1,60.5
Kevin Kolb,2011,ARI,27,QB,9,9,3,6,0,146,253,57.7,1955,9,3.6,8,3.2,87,73,7.7,7,13.4,217.2,81.1,30,219,10.6,6.13,5.5,2,1,33.3
John Skelton,2011,ARI,23,QB,8,7,5,2,0,151,275,54.9,1913,11,4,14,5.1,81,60,7,5.5,12.7,239.1,68.9,23,162,7.7,5.88,4.5,4,5,37.3
Christian Ponder,2011,MIN,23,QB,11,10,2,8,0,158,291,54.3,1853,13,4.5,13,4.5,92,72,6.4,5.3,11.7,168.5,70.1,30,164,9.3,5.26,4.25,0,1,32.4
Kyle Orton,2011,2TM,29,QB,9,8,3,5,0,150,252,59.5,1758,9,3.6,9,3.6,0,52,7,6.1,11.7,195.3,77.8,10,54,3.8,6.5,5.65,,,
Tim Tebow,2011,DEN,24,QB,14,11,7,4,0,126,271,46.5,1729,12,4.4,6,2.2,77,56,6.4,6.3,13.7,123.5,72.9,33,225,10.9,4.95,4.85,5,5,38.6
Matt Cassel,2011,KAN,29,QB,9,9,4,5,0,160,269,59.5,1713,10,3.7,9,3.3,84,52,6.4,5.6,10.7,190.3,76.6,22,120,7.6,5.47,4.77,1,2,48.4
Dan Orlovsky,2011,IND,28,QB,8,5,2,3,0,122,193,63.2,1201,6,3.1,4,2.1,71,40,6.2,5.9,9.8,150.1,82.4,14,84,6.8,5.4,5.11,1,1,47.3
Jason Campbell,2011,OAK,30,QB,6,6,4,2,0,100,165,60.6,1170,6,3.6,4,2.4,56,58,7.1,6.7,11.7,195,84.2,5,19,2.9,6.77,6.42,1,1,56.2
T.J. Yates,2011,HOU,24,QB,6,5,2,3,0,82,134,61.2,949,3,2.2,3,2.2,48,50,7.1,6.5,11.6,158.2,80.7,15,74,10.1,5.87,5.37,1,2,43.1
Drew Brees,2012,NOR,33,QB,16,16,7,9,0,422,670,63,5177,43,6.4,19,2.8,266,80,7.7,7.7,12.3,323.6,96.3,26,190,3.7,7.17,7.17,1,2,68.7
Matthew Stafford,2012,DET,24,QB,16,16,4,12,0,435,727,59.8,4967,20,2.8,17,2.3,267,57,6.8,6.3,11.4,310.4,79.8,29,212,3.8,6.29,5.81,3,3,56.1
Tom Brady,2012,NWE,35,QB,16,16,12,4,0,401,637,63,4827,34,5.3,8,1.3,256,83,7.6,8.1,12,301.7,98.7,27,182,4.1,7,7.48,1,2,76.1
Andrew Luck,2012,IND,23,QB,16,16,11,5,0,339,627,54.1,4374,23,3.7,18,2.9,208,70,7,6.4,12.9,273.4,76.5,41,246,6.1,6.18,5.66,4,7,65.6
Aaron Rodgers,2012,GNB,29,QB,16,16,11,5,0,371,552,67.2,4295,39,7.1,8,1.4,215,73,7.8,8.5,11.6,268.4,108,51,293,8.5,6.64,7.33,2,3,71.2
Josh Freeman,2012,TAM,24,QB,16,16,7,9,0,306,558,54.8,4065,27,4.8,17,3,186,95,7.3,6.9,13.3,254.1,81.6,26,161,4.5,6.68,6.3,1,1,49.4
Carson Palmer,2012,OAK,33,QB,15,15,4,11,0,345,565,61.1,4018,22,3.9,14,2.5,188,64,7.1,6.8,11.6,267.9,85.3,26,199,4.4,6.46,6.14,2,2,46.6
Matt Schaub,2012,HOU,31,QB,16,16,12,4,0,350,544,64.3,4008,22,4,12,2.2,203,60,7.4,7.2,11.5,250.5,90.7,27,216,4.7,6.64,6.47,2,2,61.3
Eli Manning,2012,NYG,31,QB,16,16,9,7,0,321,536,59.9,3948,26,4.9,15,2.8,187,80,7.4,7.1,12.3,246.8,87.2,19,136,3.4,6.87,6.59,3,3,67
Joe Flacco,2012,BAL,27,QB,16,16,10,6,0,317,531,59.7,3817,22,4.1,10,1.9,178,61,7.2,7.2,12,238.6,87.7,35,227,6.2,6.34,6.33,3,3,51.1
Philip Rivers,2012,SDG,31,QB,16,16,7,9,0,338,527,64.1,3606,26,4.9,15,2.8,184,80,6.8,6.5,10.7,225.4,88.6,49,311,8.5,5.72,5.45,,,42.6
Ryan Fitzpatrick,2012,BUF,30,QB,16,16,6,10,0,306,505,60.6,3400,24,4.8,16,3.2,175,68,6.7,6.3,11.1,212.5,83.3,30,161,5.6,6.05,5.61,0,1,43.8
Brandon Weeden,2012,CLE,29,QB,15,15,5,10,0,297,517,57.4,3385,14,2.7,17,3.3,169,71,6.5,5.6,11.4,225.7,72.6,28,186,5.1,5.87,4.98,1,1,33.9
Ben Roethlisberger,2012,PIT,30,QB,13,13,7,6,0,284,449,63.3,3265,26,5.8,8,1.8,167,82,7.3,7.6,11.5,251.2,97,30,182,6.3,6.44,6.77,2,3,71.3
Jay Cutler,2012,CHI,29,QB,15,15,10,5,0,255,434,58.8,3033,19,4.4,14,3.2,152,60,7,6.4,11.9,202.2,81.3,38,250,8.1,5.9,5.37,1,1,48.1
Christian Ponder,2012,MIN,24,QB,16,16,10,6,0,300,483,62.1,2935,18,3.7,12,2.5,166,65,6.1,5.7,9.8,183.4,81.2,32,184,6.2,5.34,4.99,1,2,52.1
Mark Sanchez,2012,NYJ,26,QB,15,15,6,9,0,246,453,54.3,2883,13,2.9,18,4,146,66,6.4,5.2,11.7,192.2,66.9,34,209,7,5.49,4.36,1,1,27.1
Michael Vick,2012,PHI,32,QB,10,10,3,7,0,204,351,58.1,2362,12,3.4,10,2.8,115,77,6.7,6.1,11.6,236.2,78.1,28,153,7.4,5.83,5.27,3,3,47
Kevin Kolb,2012,ARI,28,QB,6,5,3,2,0,109,183,59.6,1169,8,4.4,3,1.6,63,46,6.4,6.5,10.7,194.8,86.1,27,159,12.9,4.81,4.93,2,2,42.7
Drew Brees,2013,NOR,34,QB,16,16,11,5,0,446,650,68.6,5162,39,6,12,1.8,246,76,7.9,8.3,11.6,322.6,104.7,37,244,5.4,7.16,7.51,2,2,69.1
Matthew Stafford,2013,DET,25,QB,16,16,7,9,0,371,634,58.5,4650,29,4.6,19,3,223,87,7.3,6.9,12.5,290.6,84.2,23,168,3.5,6.82,6.4,2,3,53.5
Matt Ryan,2013,ATL,28,QB,16,16,4,12,0,439,651,67.4,4515,26,4,17,2.6,228,81,6.9,6.6,10.3,282.2,89.6,44,298,6.3,6.07,5.72,1,1,67.5
Philip Rivers,2013,SDG,32,QB,16,16,9,7,0,378,544,69.5,4478,32,5.9,11,2,233,60,8.2,8.5,11.8,279.9,105.5,30,150,5.2,7.54,7.79,4,4,75.1
Tom Brady,2013,NWE,36,QB,16,16,12,4,0,380,628,60.5,4343,25,4,11,1.8,226,81,6.9,6.9,11.4,271.4,87.3,40,256,6,6.12,6.13,5,5,63.1
Carson Palmer,2013,ARI,34,QB,16,16,10,6,0,362,572,63.3,4274,24,4.2,22,3.8,205,91,7.5,6.6,11.8,267.1,83.9,41,289,6.7,6.5,5.67,3,4,54
Ben Roethlisberger,2013,PIT,31,QB,16,16,8,8,0,375,584,64.2,4261,28,4.8,14,2.4,211,67,7.3,7.2,11.4,266.3,92,42,282,6.7,6.36,6.24,1,3,58
Joe Flacco,2013,BAL,28,QB,16,16,8,8,0,362,614,59,3912,19,3.1,22,3.6,191,74,6.4,5.4,10.8,244.5,73.1,48,324,7.3,5.42,4.5,2,4,48
Andrew Luck,2013,IND,24,QB,16,16,11,5,0,343,570,60.2,3822,23,4,9,1.6,189,73,6.7,6.8,11.1,238.9,87,32,227,5.3,5.97,6.06,3,3,63.8
Eli Manning,2013,NYG,32,QB,16,16,7,9,0,317,551,57.5,3818,18,3.3,27,4.9,174,70,6.9,5.4,12,238.6,69.4,39,281,6.6,5.99,4.55,1,2,38.6
Alex Smith,2013,KAN,29,QB,15,15,11,4,0,308,508,60.6,3313,23,4.5,7,1.4,168,71,6.5,6.8,10.8,220.9,89.1,39,210,7.1,5.67,5.94,1,1,45
Chad Henne,2013,JAX,28,QB,15,13,4,9,0,305,503,60.6,3241,13,2.6,14,2.8,152,62,6.4,5.7,10.6,216.1,76.5,38,243,7,5.54,4.86,1,1,34.9
Geno Smith,2013,NYJ,23,QB,16,16,8,8,0,247,443,55.8,3046,12,2.7,21,4.7,148,69,6.9,5.3,12.3,190.4,66.5,43,315,8.8,5.62,4.17,2,5,41
Jay Cutler,2013,CHI,30,QB,11,11,5,6,0,224,355,63.1,2621,19,5.4,12,3.4,125,67,7.4,6.9,11.7,238.3,89.2,19,132,5.1,6.66,6.23,3,3,70.1
Mike Glennon,2013,TAM,24,QB,13,13,4,9,0,247,416,59.4,2608,19,4.6,9,2.2,128,85,6.3,6.2,10.6,200.6,83.9,40,314,8.8,5.03,4.98,2,2,55.2
Aaron Rodgers,2013,GNB,30,QB,9,9,6,3,0,193,290,66.6,2536,17,5.9,6,2.1,108,83,8.7,9,13.1,281.8,104.9,21,117,6.8,7.78,8,1,1,61.6
Ryan Fitzpatrick,2013,TEN,31,QB,11,9,3,6,0,217,350,62,2454,14,4,12,3.4,119,77,7,6.3,11.3,223.1,82,21,109,5.7,6.32,5.62,2,2,58.7
Matt Schaub,2013,HOU,32,QB,10,8,2,6,0,219,358,61.2,2310,10,2.8,14,3.9,116,46,6.5,5.3,10.5,231,73,21,162,5.5,5.67,4.53,2,2,38.3
Josh McCown,2013,CHI,34,QB,8,5,3,2,0,149,224,66.5,1829,13,5.8,1,0.4,94,80,8.2,9.1,12.3,228.6,109,11,37,4.7,7.63,8.54,1,1,82.4
Matt Cassel,2013,MIN,31,QB,9,6,3,3,0,153,254,60.2,1807,11,4.3,9,3.5,83,79,7.1,6.4,11.8,200.8,81.6,16,85,5.9,6.38,5.69,2,2,52.3
Sam Bradford,2013,STL,26,QB,7,7,3,4,0,159,262,60.7,1687,14,5.3,4,1.5,86,73,6.4,6.8,10.6,241,90.9,15,97,5.4,5.74,6.1,1,1,56.9
Kellen Clemens,2013,STL,30,QB,10,9,4,5,0,142,242,58.7,1673,8,3.3,7,2.9,81,81,6.9,6.3,11.8,167.3,78.8,21,138,8,5.84,5.25,,,43.4
Matt Flynn,2013,3TM,28,QB,9,5,2,3,0,124,200,62,1392,8,4,5,2.5,0,56,7,6.6,11.2,154.7,85.7,24,135,10.7,5.61,5.32,3,2,
Michael Vick,2013,PHI,33,QB,7,6,2,4,0,77,141,54.6,1215,5,3.5,3,2.1,52,70,8.6,8.4,15.8,173.6,86.5,15,99,9.6,7.15,6.93,,,53.5
Drew Brees,2014,NOR,35,QB,16,16,7,9,0,456,659,69.2,4952,33,5,17,2.6,259,69,7.5,7.4,10.9,309.5,97,29,186,4.2,6.93,6.77,2,2,74.8
Ben Roethlisberger,2014,PIT,32,QB,16,16,11,5,0,408,608,67.1,4952,32,5.3,9,1.5,244,94,8.1,8.5,12.1,309.5,103.3,33,172,5.1,7.46,7.82,2,3,68.7
Andrew Luck,2014,IND,25,QB,16,16,11,5,0,380,616,61.7,4761,40,6.5,16,2.6,235,80,7.7,7.9,12.5,297.6,96.5,27,161,4.2,7.15,7.28,1,1,62.6
Matt Ryan,2014,ATL,29,QB,16,16,6,10,0,415,628,66.1,4694,28,4.5,14,2.2,233,79,7.5,7.4,11.3,293.4,93.9,31,205,4.7,6.81,6.71,3,3,68.4
Eli Manning,2014,NYG,33,QB,16,16,6,10,0,379,601,63.1,4410,30,5,14,2.3,219,80,7.3,7.3,11.6,275.6,92.1,28,187,4.5,6.71,6.67,1,1,62.5
Aaron Rodgers,2014,GNB,31,QB,16,16,12,4,0,341,520,65.6,4381,38,7.3,5,1,221,80,8.4,9.5,12.8,273.8,112.2,28,174,5.1,7.68,8.65,1,1,78.3
Philip Rivers,2014,SDG,33,QB,16,16,9,7,0,379,570,66.5,4286,31,5.4,18,3.2,213,59,7.5,7.2,11.3,267.9,93.8,36,189,5.9,6.76,6.45,3,3,63.6
Matthew Stafford,2014,DET,26,QB,16,16,11,5,0,363,602,60.3,4257,22,3.7,12,2,212,73,7.1,6.9,11.7,266.1,85.7,45,254,7,6.19,6.03,5,5,47.3
Tom Brady,2014,NWE,37,QB,16,16,12,4,0,373,582,64.1,4109,33,5.7,9,1.5,221,69,7.1,7.5,11,256.8,97.4,21,134,3.5,6.59,7.01,2,2,76.2
Joe Flacco,2014,BAL,29,QB,16,16,10,6,0,344,554,62.1,3986,27,4.9,12,2.2,194,80,7.2,7.2,11.6,249.1,91,19,167,3.3,6.66,6.66,2,2,68.2
Jay Cutler,2014,CHI,31,QB,15,15,5,10,0,370,561,66,3812,28,5,18,3.2,181,74,6.8,6.3,10.3,254.1,88.6,38,223,6.3,5.99,5.57,1,1,51.8
Derek Carr,2014,OAK,23,QB,16,16,3,13,0,348,599,58.1,3270,21,3.5,12,2,163,77,5.5,5.3,9.4,204.4,76.6,24,149,3.9,5.01,4.82,1,1,40.1
Alex Smith,2014,KAN,30,QB,15,15,8,7,0,303,464,65.3,3265,18,3.9,6,1.3,179,70,7,7.2,10.8,217.7,93.4,45,229,8.8,5.96,6.14,3,3,51.7
Kyle Orton,2014,BUF,32,QB,12,12,7,5,0,287,447,64.2,3018,18,4,10,2.2,148,84,6.8,6.6,10.5,251.5,87.8,33,198,6.9,5.88,5.69,2,2,43.9
Blake Bortles,2014,JAX,22,QB,14,13,3,10,0,280,475,58.9,2908,11,2.3,17,3.6,136,63,6.1,5,10.4,207.7,69.5,55,345,10.4,4.84,3.81,1,1,26.7
Geno Smith,2014,NYJ,24,QB,14,13,3,10,0,219,367,59.7,2525,13,3.5,13,3.5,119,74,6.9,6,11.5,180.4,77.5,28,175,7.1,5.95,5.13,1,2,45.9
Ryan Fitzpatrick,2014,HOU,32,QB,12,12,6,6,0,197,312,63.1,2483,17,5.4,8,2.6,120,76,8,7.9,12.6,206.9,95.3,21,83,6.3,7.21,7.15,,,61.1
Mark Sanchez,2014,PHI,28,QB,9,8,4,4,0,198,309,64.1,2418,14,4.5,11,3.6,119,72,7.8,7.1,12.2,268.7,88.4,23,151,6.9,6.83,6.18,,,57.5
Drew Stanton,2014,ARI,30,QB,9,8,5,3,0,132,240,55,1711,7,2.9,5,2.1,77,49,7.1,6.8,13,190.1,78.7,11,66,4.4,6.55,6.22,1,1,51.7
Drew Brees,2015,NOR,36,QB,15,15,7,8,0,428,627,68.3,4870,32,5.1,11,1.8,228,80,7.8,8,11.4,324.7,101,31,235,4.7,7.04,7.26,1,2,66.8
Philip Rivers,2015,SDG,34,QB,16,16,4,12,0,437,661,66.1,4792,29,4.4,13,2,227,80,7.2,7.2,11,299.5,93.8,40,264,5.7,6.46,6.45,1,2,57.3
Tom Brady,2015,NWE,38,QB,16,16,12,4,0,402,624,64.4,4770,36,5.8,7,1.1,229,76,7.6,8.3,11.9,298.1,102.2,38,225,5.7,6.87,7.48,2,2,68.4
Matt Ryan,2015,ATL,30,QB,16,16,8,8,0,407,614,66.3,4591,21,3.4,16,2.6,228,70,7.5,7,11.3,286.9,89,30,203,4.7,6.81,6.35,4,4,64.1
Eli Manning,2015,NYG,34,QB,16,16,6,10,0,387,618,62.6,4432,35,5.7,14,2.3,206,87,7.2,7.3,11.5,277,93.6,27,157,4.2,6.63,6.74,1,2,57.9
Blake Bortles,2015,JAX,23,QB,16,16,5,11,0,355,606,58.6,4428,35,5.8,18,3,220,90,7.3,7.1,12.5,276.8,88.2,51,320,7.8,6.25,6.09,3,4,51.4
Matthew Stafford,2015,DET,27,QB,16,16,7,9,0,398,592,67.2,4262,32,5.4,13,2.2,224,57,7.2,7.3,10.7,266.4,97,44,251,6.9,6.31,6.39,2,3,58.3
Jameis Winston,2015,TAM,21,QB,16,16,6,10,0,312,535,58.3,4042,22,4.1,15,2.8,201,68,7.6,7.1,13,252.6,84.2,27,190,4.8,6.85,6.44,2,3,57.2
Derek Carr,2015,OAK,24,QB,16,16,7,9,0,350,573,61.1,3987,32,5.6,13,2.3,188,68,7,7.1,11.4,249.2,91.1,31,230,5.1,6.22,6.31,4,4,43.1
Ben Roethlisberger,2015,PIT,33,QB,12,11,7,4,0,319,469,68,3938,21,4.5,16,3.4,175,69,8.4,7.8,12.3,328.2,94.5,20,141,4.1,7.76,7.15,1,1,72.8
Ryan Fitzpatrick,2015,NYJ,33,QB,16,16,10,6,0,335,562,59.6,3905,31,5.5,15,2.7,197,69,6.9,6.9,11.7,244.1,88,19,94,3.3,6.56,6.46,2,3,62
Aaron Rodgers,2015,GNB,32,QB,16,16,10,6,0,347,572,60.7,3821,31,5.4,8,1.4,177,65,6.7,7.1,11,238.8,92.7,46,314,7.4,5.67,6.1,2,2,60
Sam Bradford,2015,PHI,28,QB,14,14,7,7,0,346,532,65,3725,19,3.6,14,2.6,170,78,7,6.5,10.8,266.1,86.4,28,200,5,6.29,5.85,0,2,39.2
Jay Cutler,2015,CHI,32,QB,15,15,6,9,0,311,483,64.4,3659,21,4.3,11,2.3,173,87,7.6,7.4,11.8,243.9,92.3,29,150,5.7,6.85,6.71,4,4,61
Alex Smith,2015,KAN,31,QB,16,16,11,5,0,307,470,65.3,3486,20,4.3,7,1.5,155,80,7.4,7.6,11.4,217.9,95.4,45,235,8.7,6.31,6.48,1,1,61.1
Tyrod Taylor,2015,BUF,26,QB,14,14,7,6,0,242,380,63.7,3035,20,5.3,6,1.6,129,63,8,8.3,12.5,216.8,99.4,36,212,8.7,6.79,7.1,1,2,66.3
Joe Flacco,2015,BAL,30,QB,10,10,3,7,0,266,413,64.4,2791,14,3.4,12,2.9,125,50,6.8,6.1,10.5,279.1,83.1,16,124,3.7,6.22,5.61,3,3,50.8
Andrew Luck,2015,IND,26,QB,7,7,2,5,0,162,293,55.3,1881,15,5.1,12,4.1,92,87,6.4,5.6,11.6,268.7,74.9,15,88,4.9,5.82,5.04,1,2,52.4
Johnny Manziel,2015,CLE,23,QB,9,6,2,4,0,129,223,57.8,1500,7,3.1,5,2.2,72,61,6.7,6.3,11.6,166.7,79.4,19,141,7.9,5.62,5.26,,,58.6
Ryan Mallett,2015,2TM,27,QB,8,6,2,4,0,136,244,55.7,1336,5,2,6,2.5,0,48,5.5,4.8,9.8,167,67.9,6,32,2.4,5.22,4.54,,,
Matt Cassel,2015,2TM,33,QB,9,8,2,6,0,119,204,58.3,1276,5,2.5,7,3.4,0,51,6.3,5.2,10.7,141.8,70.6,14,86,6.4,5.46,4.47,1,1,
A.J. McCarron,2015,CIN,25,QB,7,3,2,1,0,79,119,66.4,854,6,5,2,1.7,46,66,7.2,7.4,10.8,122,97.1,12,63,9.2,6.04,6.27,,,54.8
Michael Vick,2015,PIT,35,QB,5,3,2,1,0,40,66,60.6,371,2,3,1,1.5,14,72,5.6,5.5,9.3,74.2,79.8,10,53,13.2,4.18,4.12,1,1,31.8
Drew Brees,2016,NOR,37,QB,16,16,7,9,0,471,673,70,5208,37,5.5,15,2.2,265,98,7.7,7.8,11.1,325.5,101.7,27,184,3.9,7.18,7.27,2,4,66.8
Matt Ryan,2016,ATL,31,QB,16,16,11,5,0,373,534,69.9,4944,38,7.1,7,1.3,240,76,9.3,10.1,13.3,309,117.1,37,235,6.5,8.25,9.03,1,2,79.6
Aaron Rodgers,2016,GNB,33,QB,16,16,10,6,0,401,610,65.7,4428,40,6.6,7,1.1,226,66,7.3,8.1,11,276.8,104.2,35,246,5.4,6.48,7.24,0,2,72.4
Philip Rivers,2016,SDG,35,QB,16,16,5,11,0,349,578,60.4,4386,33,5.7,21,3.6,215,59,7.6,7.1,12.6,274.1,87.9,36,188,5.9,6.84,6.37,1,1,58.7
Matthew Stafford,2016,DET,28,QB,16,16,9,7,0,388,594,65.3,4327,24,4,10,1.7,218,73,7.3,7.3,11.2,270.4,93.3,37,216,5.9,6.52,6.56,8,8,65.2
Joe Flacco,2016,BAL,31,QB,16,16,8,8,0,436,672,64.9,4317,20,3,15,2.2,204,95,6.4,6,9.9,269.8,83.5,33,243,4.7,5.78,5.39,2,2,52.5
Andrew Luck,2016,IND,27,QB,15,15,8,7,0,346,545,63.5,4240,31,5.7,13,2.4,206,64,7.8,7.8,12.3,282.7,96.4,41,268,7,6.78,6.84,4,4,65.9
Jameis Winston,2016,TAM,22,QB,16,16,9,7,0,345,567,60.8,4090,28,4.9,18,3.2,216,45,7.2,6.8,11.9,255.6,86.1,35,239,5.8,6.4,5.98,1,3,59.5
Eli Manning,2016,NYG,35,QB,16,16,11,5,0,377,598,63,4027,26,4.3,16,2.7,191,75,6.7,6.4,10.7,251.7,86,21,142,3.4,6.28,5.95,3,6,45.7
Derek Carr,2016,OAK,25,QB,15,15,12,3,0,357,560,63.8,3937,28,5,6,1.1,191,75,7,7.5,11,262.5,96.7,16,79,2.8,6.7,7.2,7,7,56.1
Blake Bortles,2016,JAX,24,QB,16,16,3,13,0,368,625,58.9,3905,23,3.7,16,2.6,207,51,6.2,5.8,10.6,244.1,78.8,34,197,5.2,5.63,5.23,1,1,43
Sam Bradford,2016,MIN,29,QB,15,15,7,8,0,395,552,71.6,3877,20,3.6,5,0.9,199,71,7,7.3,9.8,258.5,99.3,37,276,6.3,6.11,6.41,1,1,53.1
Ben Roethlisberger,2016,PIT,34,QB,14,14,10,4,0,328,509,64.4,3819,29,5.7,13,2.6,184,72,7.5,7.5,11.6,272.8,95.4,17,141,3.2,6.99,6.98,2,2,60.5
Tom Brady,2016,NWE,39,QB,12,12,11,1,0,291,432,67.4,3554,28,6.5,2,0.5,165,79,8.2,9.3,12.2,296.2,112.2,15,87,3.4,7.76,8.81,1,1,79.4
Alex Smith,2016,KAN,32,QB,15,15,11,4,0,328,489,67.1,3502,15,3.1,8,1.6,182,80,7.2,7,10.7,233.5,91.2,28,140,5.4,6.5,6.39,3,3,60.8
Trevor Siemian,2016,DEN,25,QB,14,14,8,6,0,289,486,59.5,3401,18,3.7,10,2.1,155,76,7,6.8,11.8,242.9,84.6,31,187,6,6.22,6.04,3,2,49.7
Tyrod Taylor,2016,BUF,27,QB,15,15,7,8,0,269,436,61.7,3023,17,3.9,6,1.4,148,84,6.9,7.1,11.2,201.5,89.7,42,192,8.8,5.92,6.07,1,1,62.4
Ryan Fitzpatrick,2016,NYJ,34,QB,14,11,3,8,0,228,403,56.6,2710,12,3,17,4.2,130,57,6.7,5.4,11.9,193.6,69.6,19,81,4.5,6.23,4.99,,,39.2
Philip Rivers,2017,LAC,36,QB,16,16,9,7,0,360,575,62.6,4515,28,4.9,10,1.7,217,75,7.9,8,12.5,282.2,96,18,120,3,7.41,7.6,2,2,61.1
Matthew Stafford,2017,DET,29,QB,16,16,9,7,0,371,565,65.7,4446,29,5.1,10,1.8,210,71,7.9,8.1,12,277.9,99.3,47,287,7.7,6.8,7.01,1,4,65.2
Drew Brees,2017,NOR,38,QB,16,16,11,5,0,386,536,72,4334,23,4.3,8,1.5,203,54,8.1,8.3,11.2,270.9,103.9,20,145,3.6,7.53,7.71,2,2,62.5
Ben Roethlisberger,2017,PIT,35,QB,15,15,12,3,0,360,561,64.2,4251,28,5,14,2.5,204,97,7.6,7.5,11.8,283.4,93.4,21,139,3.6,7.07,6.95,3,4,66.6
Matt Ryan,2017,ATL,32,QB,16,16,10,6,0,342,529,64.7,4095,20,3.8,12,2.3,199,88,7.7,7.5,12,255.9,91.4,24,156,4.3,7.12,6.87,2,3,67.1
Alex Smith,2017,KAN,33,QB,15,15,9,6,0,341,505,67.5,4042,26,5.1,5,1,182,79,8,8.6,11.9,269.5,104.7,35,207,6.5,7.1,7.65,1,3,65.1
Blake Bortles,2017,JAX,25,QB,16,16,10,6,0,315,523,60.2,3687,21,4,13,2.5,195,75,7,6.7,11.7,230.4,84.7,24,123,4.4,6.52,6.21,1,1,59.2
Jameis Winston,2017,TAM,23,QB,13,13,3,10,0,282,442,63.8,3504,19,4.3,11,2.5,185,70,7.9,7.7,12.4,269.5,92.2,33,207,6.9,6.94,6.7,2,2,52
Derek Carr,2017,OAK,26,QB,15,15,6,9,0,323,515,62.7,3496,22,4.3,13,2.5,168,87,6.8,6.5,10.8,233.1,86.4,20,101,3.7,6.35,6.07,1,1,50.5
Eli Manning,2017,NYG,36,QB,15,15,3,12,0,352,571,61.6,3468,19,3.3,13,2.3,172,77,6.1,5.7,9.9,231.2,80.4,31,189,5.1,5.45,5.11,0,1,47.5
Joe Flacco,2017,BAL,32,QB,16,16,9,7,0,352,549,64.1,3141,18,3.3,13,2.4,163,66,5.7,5.3,8.9,196.3,80.4,27,205,4.7,5.1,4.71,,,46.7
Josh McCown,2017,NYJ,38,QB,13,13,5,8,0,267,397,67.3,2926,18,4.5,9,2.3,137,69,7.4,7.3,11,225.1,94.5,39,264,8.9,6.11,6,1,2,55.6
Tyrod Taylor,2017,BUF,28,QB,15,14,8,6,0,263,420,62.6,2799,14,3.3,4,1,133,47,6.7,6.9,10.6,186.6,89.2,46,256,9.9,5.46,5.67,1,2,56.4
Jay Cutler,2017,MIA,34,QB,14,14,6,8,0,266,429,62,2666,19,4.4,14,3.3,138,65,6.2,5.6,10,190.4,80.8,20,154,4.5,5.59,5.04,2,3,43.5
Trevor Siemian,2017,DEN,26,QB,11,10,5,5,0,206,349,59,2285,12,3.4,14,4,112,44,6.5,5.4,11.1,207.7,73.3,33,220,8.6,5.41,4.38,,,30.9
Carson Palmer,2017,ARI,38,QB,7,7,3,4,0,164,267,61.4,1978,9,3.4,7,2.6,95,46,7.4,6.9,12.1,282.6,84.4,22,150,7.6,6.33,5.86,2,2,50
Brett Hundley,2017,GNB,24,QB,11,9,3,6,0,192,316,60.8,1836,9,2.8,12,3.8,90,55,5.8,4.7,9.6,166.9,70.6,29,197,8.4,4.75,3.71,2,2,44.8
Aaron Rodgers,2017,GNB,34,QB,7,7,4,3,0,154,238,64.7,1675,16,6.7,6,2.5,86,72,7,7.2,10.9,239.3,97.2,22,168,8.5,5.8,5.99,2,2,66
Ryan Fitzpatrick,2017,TAM,35,QB,6,3,2,1,0,96,163,58.9,1103,7,4.3,3,1.8,64,41,6.8,6.8,11.5,183.8,86,7,34,4.1,6.29,6.32,0,1,58.1
Drew Stanton,2017,ARI,33,QB,5,4,3,1,0,79,159,49.7,894,6,3.8,5,3.1,49,52,5.6,5,11.3,178.8,66.4,7,40,4.2,5.14,4.51,1,1,39.5
Matt Ryan,2018,ATL,33,QB,16,16,7,9,0,422,608,69.4,4924,35,5.8,7,1.2,236,75,8.1,8.7,11.7,307.8,108.1,42,296,6.5,7.12,7.71,1,1,65.7
Andrew Luck,2018,IND,29,QB,16,16,10,6,0,430,639,67.3,4593,39,6.1,15,2.3,260,68,7.2,7.4,10.7,287.1,98.7,18,134,2.7,6.79,6.95,3,3,69.6
Tom Brady,2018,NWE,41,QB,16,16,11,5,0,375,570,65.8,4355,29,5.1,11,1.9,255,63,7.6,7.8,11.6,272.2,97.7,21,147,3.6,7.12,7.26,1,2,68.4
Philip Rivers,2018,LAC,37,QB,16,16,12,4,0,347,508,68.3,4308,32,6.3,12,2.4,235,75,8.5,8.7,12.4,269.3,105.5,32,204,5.9,7.6,7.79,3,3,67.8
Eli Manning,2018,NYG,37,QB,16,16,5,11,0,380,576,66,4299,21,3.6,11,1.9,205,58,7.5,7.3,11.3,268.7,92.4,47,358,7.5,6.33,6.21,1,2,49.1
Derek Carr,2018,OAK,27,QB,16,16,4,12,0,381,553,68.9,4049,19,3.4,10,1.8,197,66,7.3,7.2,10.6,253.1,93.9,51,299,8.4,6.21,6.09,3,3,46.5
Matthew Stafford,2018,DET,30,QB,16,16,6,10,0,367,555,66.1,3777,21,3.8,11,2,197,67,6.8,6.7,10.3,236.1,89.9,40,255,6.7,5.92,5.79,0,1,51.3
Jameis Winston,2018,TAM,24,QB,11,9,3,6,0,244,378,64.6,2992,19,5,14,3.7,152,64,7.9,7.3,12.3,272,90.2,27,157,6.7,7,6.38,0,1,66.2
Blake Bortles,2018,JAX,26,QB,13,12,3,9,0,243,403,60.3,2718,13,3.2,11,2.7,126,80,6.7,6.2,11.2,209.1,79.8,31,173,7.1,5.86,5.32,0,1,43.4
Joe Flacco,2018,BAL,33,QB,9,9,4,5,0,232,379,61.2,2465,12,3.2,6,1.6,119,71,6.5,6.4,10.6,273.9,84.2,16,79,4.1,6.04,5.96,,,54.8
Ryan Fitzpatrick,2018,TAM,36,QB,8,7,2,5,0,164,246,66.7,2366,17,6.9,12,4.9,113,75,9.6,8.8,14.4,295.8,100.4,14,76,5.4,8.81,8.04,,,61
Alex Smith,2018,WAS,34,QB,10,10,6,4,0,205,328,62.5,2180,10,3,5,1.5,106,52,6.6,6.6,10.6,218,85.7,22,121,6.3,5.88,5.81,,,46.9
Jameis Winston,2019,TAM,25,QB,16,16,7,9,0,380,626,60.7,5109,33,5.3,30,4.8,243,71,8.2,7.1,13.4,319.3,84.3,47,282,7,7.17,6.15,2,2,55.7
Philip Rivers,2019,LAC,38,QB,16,16,5,11,0,390,591,66,4615,23,3.9,20,3.4,217,84,7.8,7.1,11.8,288.4,88.5,34,222,5.4,7.03,6.32,1,2,50.5
Matt Ryan,2019,ATL,34,QB,15,15,7,8,0,408,616,66.2,4466,26,4.2,14,2.3,228,93,7.3,7.1,10.9,297.7,92.1,48,316,7.2,6.25,6.08,3,2,59.6
Tom Brady,2019,NWE,42,QB,16,16,12,4,0,373,613,60.8,4057,24,3.9,8,1.3,193,59,6.6,6.8,10.9,253.6,88,27,185,4.2,6.05,6.24,1,1,55.7
Derek Carr,2019,OAK,28,QB,16,16,7,9,0,361,513,70.4,4054,21,4.1,8,1.6,191,75,7.9,8,11.2,253.4,100.8,29,184,5.4,7.14,7.25,2,3,64.1
Ryan Fitzpatrick,2019,MIA,37,QB,15,13,5,8,0,311,502,62,3529,20,4,13,2.6,182,51,7,6.7,11.3,235.3,85.5,40,209,7.4,6.13,5.78,3,4,68.3
Drew Brees,2019,NOR,40,QB,11,11,8,3,0,281,378,74.3,2979,27,7.1,4,1.1,159,61,7.9,8.8,10.6,270.8,116.3,12,89,3.1,7.41,8.33,1,2,73.3
Joe Flacco,2019,DEN,34,QB,8,8,2,6,0,171,262,65.3,1822,6,2.3,5,1.9,86,70,7,6.6,10.7,227.8,85.1,26,194,9,5.65,5.29,,,50.8
Tom Brady,2020,TAM,43,QB,16,16,11,5,0,401,610,65.7,4633,40,6.6,12,2,233,50,7.6,8,11.6,289.6,102.2,21,143,3.3,7.12,7.53,3,3,66
Matt Ryan,2020,ATL,35,QB,16,16,4,12,0,407,626,65,4581,26,4.2,11,1.8,242,63,7.3,7.4,11.3,286.3,93.3,41,257,6.1,6.48,6.52,,,59.8
Philip Rivers,2020,IND,39,QB,16,16,11,5,0,369,543,68,4169,24,4.4,11,2,200,55,7.7,7.7,11.3,260.6,97,19,118,3.4,7.21,7.18,2,3,55
Derek Carr,2020,LVR,29,QB,16,16,8,8,0,348,517,67.3,4103,27,5.2,9,1.7,193,85,7.9,8.2,11.8,256.4,101.4,26,150,4.8,7.28,7.53,3,5,64.3
Matthew Stafford,2020,DET,32,QB,16,16,5,11,0,339,528,64.2,4084,26,4.9,10,1.9,205,73,7.7,7.9,12,255.3,96.3,38,254,6.7,6.77,6.89,3,4,61.3
Ben Roethlisberger,2020,PIT,38,QB,15,15,12,3,0,399,608,65.6,3803,33,5.4,10,1.6,193,84,6.3,6.6,9.5,253.5,94.1,13,118,2.1,5.93,6.27,4,4,52.5
Drew Brees,2020,NOR,41,QB,12,12,9,3,0,275,390,70.5,2942,24,6.2,6,1.5,149,52,7.5,8.1,10.7,245.2,106.4,13,89,3.2,7.08,7.6,1,3,68.3
Ryan Fitzpatrick,2020,MIA,38,QB,9,7,4,3,0,183,267,68.5,2091,13,4.9,8,3,106,70,7.8,7.5,11.4,232.3,95.6,14,65,5,7.21,6.85,1,1,70.9
Alex Smith,2020,WAS,36,QB,8,6,5,1,0,168,252,66.7,1582,6,2.4,8,3.2,74,68,6.3,5.3,9.4,197.8,78.5,22,139,8,5.27,4.39,1,1,28.2
